anchor_log10,x_anchor,x,h,S_h,pi_h,HL,residual,abs_residual,sigma_pred_poisson,sqrt_x,li2_x
6,1000000,1000000,2,1.320324,8169,8248.029690,-79.029690,79.029690,90.818664,1000.000000,6246.975735
6,1000000,1020048,2,1.320324,8323,8386.511259,-63.511259,63.511259,91.577897,1009.974257,6351.860300
6,1000000,1040498,2,1.320324,8469,8527.364896,-58.364896,58.364896,92.343732,1020.048038,6458.541445
6,1000000,1061358,2,1.320324,8612,8670.631401,-58.631401,58.631401,93.116225,1030.222306,6567.050073
6,1000000,1082637,2,1.320324,8768,8816.358040,-48.358040,48.358040,93.895463,1040.498438,6677.421981
6,1000000,1104342,2,1.320324,8917,8964.577989,-47.577989,47.577989,94.681455,1050.876777,6789.682298
6,1000000,1126482,2,1.320324,9072,9115.337742,-43.337742,43.337742,95.474278,1061.358563,6903.866237
6,1000000,1149066,2,1.320324,9237,9268.683357,-31.683357,31.683357,96.274001,1071.944961,7020.008682
6,1000000,1172102,2,1.320324,9397,9424.653704,-27.653704,27.653704,97.080656,1082.636596,7138.139073
6,1000000,1195601,2,1.320324,9566,9583.307536,-17.307536,17.307536,97.894369,1093.435412,7258.301909
6,1000000,1219570,2,1.320324,9707,9744.676149,-37.676149,37.676149,98.715126,1104.341433,7380.520893
6,1000000,1244021,2,1.320324,9880,9908.824105,-28.824105,28.824105,99.543077,1115.356894,7504.844923
6,1000000,1268961,2,1.320324,10056,10075.781913,-19.781913,19.781913,100.378194,1126.481691,7631.297109
6,1000000,1294401,2,1.320324,10218,10245.606510,-27.606510,27.606510,101.220583,1137.717452,7759.920571
6,1000000,1320352,2,1.320324,10391,10418.354296,-27.354296,27.354296,102.070340,1149.065707,7890.758028
6,1000000,1346822,2,1.320324,10581,10594.061259,-13.061259,13.061259,102.927456,1160.526605,8023.836736
6,1000000,1373824,2,1.320324,10769,10772.796143,-3.796143,3.796143,103.792081,1172.102385,8159.208761
6,1000000,1401366,2,1.320324,10961,10954.594075,6.405925,6.405925,104.664197,1183.793056,8296.900708
6,1000000,1429461,2,1.320324,11140,11139.522766,0.477234,0.477234,105.543938,1195.600686,8436.963861
6,1000000,1458119,2,1.320324,11311,11327.629623,-16.629623,16.629623,106.431338,1207.525983,8579.434126
6,1000000,1487352,2,1.320324,11504,11518.974714,-14.974714,14.974714,107.326487,1219.570416,8724.356997
6,1000000,1517171,2,1.320324,11723,11713.611035,9.388965,9.388965,108.229437,1231.734955,8871.772613
6,1000000,1547587,2,1.320324,11918,11911.591117,6.408883,6.408883,109.140236,1244.020498,9021.720759
6,1000000,1578614,2,1.320324,12129,12112.986472,16.013528,16.013528,110.059014,1256.429067,9174.255600
6,1000000,1610262,2,1.320324,12334,12317.842089,16.157911,16.157911,110.985774,1268.960992,9329.411209
6,1000000,1642545,2,1.320324,12553,12526.228372,26.771628,26.771628,111.920634,1281.618118,9487.240909
6,1000000,1675475,2,1.320324,12768,12738.202213,29.797787,29.797787,112.863644,1294.401406,9647.787790
6,1000000,1709065,2,1.320324,12995,12953.826422,41.173578,41.173578,113.814878,1307.312128,9811.099424
6,1000000,1743329,2,1.320324,13218,13173.169640,44.830360,44.830360,114.774429,1320.351847,9977.227797
6,1000000,1778279,2,1.320324,13434,13396.287135,37.712865,37.712865,115.742331,1333.521278,10146.214771
6,1000000,1000000,6,2.640647,16386,16496.059380,-110.059380,110.059380,128.436986,1000.000000,6246.975735
6,1000000,1020048,6,2.640647,16669,16773.022518,-104.022518,104.022518,129.510704,1009.974257,6351.860300
6,1000000,1040498,6,2.640647,16958,17054.729792,-96.729792,96.729792,130.593759,1020.048038,6458.541445
6,1000000,1061358,6,2.640647,17235,17341.262803,-106.262803,106.262803,131.686229,1030.222306,6567.050073
6,1000000,1082637,6,2.640647,17533,17632.716080,-99.716080,99.716080,132.788238,1040.498438,6677.421981
6,1000000,1104342,6,2.640647,17811,17929.155979,-118.155979,118.155979,133.899798,1050.876777,6789.682298
6,1000000,1126482,6,2.640647,18119,18230.675485,-111.675485,111.675485,135.021019,1061.358563,6903.866237
6,1000000,1149066,6,2.640647,18428,18537.366715,-109.366715,109.366715,136.151999,1071.944961,7020.008682
6,1000000,1172102,6,2.640647,18778,18849.307409,-71.307409,71.307409,137.292780,1082.636596,7138.139073
6,1000000,1195601,6,2.640647,19106,19166.615073,-60.615073,60.615073,138.443545,1093.435412,7258.301909
6,1000000,1219570,6,2.640647,19414,19489.352299,-75.352299,75.352299,139.604270,1104.341433,7380.520893
6,1000000,1244021,6,2.640647,19737,19817.648209,-80.648209,80.648209,140.775169,1115.356894,7504.844923
6,1000000,1268961,6,2.640647,20073,20151.563826,-78.563826,78.563826,141.956204,1126.481691,7631.297109
6,1000000,1294401,6,2.640647,20405,20491.213020,-86.213020,86.213020,143.147522,1137.717452,7759.920571
6,1000000,1320352,6,2.640647,20702,20836.708592,-134.708592,134.708592,144.349259,1149.065707,7890.758028
6,1000000,1346822,6,2.640647,21066,21188.122519,-122.122519,122.122519,145.561405,1160.526605,8023.836736
6,1000000,1373824,6,2.640647,21427,21545.592286,-118.592286,118.592286,146.784169,1172.102385,8159.208761
6,1000000,1401366,6,2.640647,21807,21909.188149,-102.188149,102.188149,148.017526,1183.793056,8296.900708
6,1000000,1429461,6,2.640647,22148,22279.045532,-131.045532,131.045532,149.261668,1195.600686,8436.963861
6,1000000,1458119,6,2.640647,22536,22655.259247,-119.259247,119.259247,150.516641,1207.525983,8579.434126
6,1000000,1487352,6,2.640647,22947,23037.949428,-90.949428,90.949428,151.782573,1219.570416,8724.356997
6,1000000,1517171,6,2.640647,23331,23427.222071,-96.222071,96.222071,153.059538,1231.734955,8871.772613
6,1000000,1547587,6,2.640647,23710,23823.182233,-113.182233,113.182233,154.347602,1244.020498,9021.720759
6,1000000,1578614,6,2.640647,24139,24225.972943,-86.972943,86.972943,155.646950,1256.429067,9174.255600
6,1000000,1610262,6,2.640647,24544,24635.684179,-91.684179,91.684179,156.957587,1268.960992,9329.411209
6,1000000,1642545,6,2.640647,24972,25052.456743,-80.456743,80.456743,158.279679,1281.618118,9487.240909
6,1000000,1675475,6,2.640647,25394,25476.404426,-82.404426,82.404426,159.613297,1294.401406,9647.787790
6,1000000,1709065,6,2.640647,25835,25907.652845,-72.652845,72.652845,160.958544,1307.312128,9811.099424
6,1000000,1743329,6,2.640647,26259,26346.339279,-87.339279,87.339279,162.315555,1320.351847,9977.227797
6,1000000,1778279,6,2.640647,26660,26792.574269,-132.574269,132.574269,163.684374,1333.521278,10146.214771
6,1000000,1000000,14,1.584388,9878,9897.635628,-19.635628,19.635628,99.486862,1000.000000,6246.975735
6,1000000,1020048,14,1.584388,10050,10063.813511,-13.813511,13.813511,100.318560,1009.974257,6351.860300
6,1000000,1040498,14,1.584388,10203,10232.837875,-29.837875,29.837875,101.157490,1020.048038,6458.541445
6,1000000,1061358,14,1.584388,10372,10404.757682,-32.757682,32.757682,102.003714,1030.222306,6567.050073
6,1000000,1082637,14,1.584388,10560,10579.629648,-19.629648,19.629648,102.857327,1040.498438,6677.421981
6,1000000,1104342,14,1.584388,10729,10757.493587,-28.493587,28.493587,103.718338,1050.876777,6789.682298
6,1000000,1126482,14,1.584388,10905,10938.405291,-33.405291,33.405291,104.586831,1061.358563,6903.866237
6,1000000,1149066,14,1.584388,11082,11122.420029,-40.420029,40.420029,105.462885,1071.944961,7020.008682
6,1000000,1172102,14,1.584388,11284,11309.584445,-25.584445,25.584445,106.346530,1082.636596,7138.139073
6,1000000,1195601,14,1.584388,11479,11499.969044,-20.969044,20.969044,107.237909,1093.435412,7258.301909
6,1000000,1219570,14,1.584388,11682,11693.611379,-11.611379,11.611379,108.137003,1104.341433,7380.520893
6,1000000,1244021,14,1.584388,11873,11890.588926,-17.588926,17.588926,109.043977,1115.356894,7504.844923
6,1000000,1268961,14,1.584388,12080,12090.938296,-10.938296,10.938296,109.958803,1126.481691,7631.297109
6,1000000,1294401,14,1.584388,12278,12294.727812,-16.727812,16.727812,110.881594,1137.717452,7759.920571
6,1000000,1320352,14,1.584388,12472,12502.025155,-30.025155,30.025155,111.812455,1149.065707,7890.758028
6,1000000,1346822,14,1.584388,12659,12712.873511,-53.873511,53.873511,112.751379,1160.526605,8023.836736
6,1000000,1373824,14,1.584388,12888,12927.355372,-39.355372,39.355372,113.698528,1172.102385,8159.208761
6,1000000,1401366,14,1.584388,13104,13145.512889,-41.512889,41.512889,114.653883,1183.793056,8296.900708
6,1000000,1429461,14,1.584388,13324,13367.427319,-43.427319,43.427319,115.617591,1195.600686,8436.963861
6,1000000,1458119,14,1.584388,13553,13593.155548,-40.155548,40.155548,116.589689,1207.525983,8579.434126
6,1000000,1487352,14,1.584388,13791,13822.769657,-31.769657,31.769657,117.570275,1219.570416,8724.356997
6,1000000,1517171,14,1.584388,14026,14056.333242,-30.333242,30.333242,118.559408,1231.734955,8871.772613
6,1000000,1547587,14,1.584388,14243,14293.909340,-50.909340,50.909340,119.557138,1244.020498,9021.720759
6,1000000,1578614,14,1.584388,14484,14535.583766,-51.583766,51.583766,120.563609,1256.429067,9174.255600
6,1000000,1610262,14,1.584388,14756,14781.410507,-25.410507,25.410507,121.578824,1268.960992,9329.411209
6,1000000,1642545,14,1.584388,15000,15031.474046,-31.474046,31.474046,122.602912,1281.618118,9487.240909
6,1000000,1675475,14,1.584388,15252,15285.842656,-33.842656,33.842656,123.635928,1294.401406,9647.787790
6,1000000,1709065,14,1.584388,15508,15544.591707,-36.591707,36.591707,124.677952,1307.312128,9811.099424
6,1000000,1743329,14,1.584388,15762,15807.803567,-45.803567,45.803567,125.729088,1320.351847,9977.227797
6,1000000,1778279,14,1.584388,16023,16075.544562,-52.544562,52.544562,126.789371,1333.521278,10146.214771
6,1000000,1000000,22,1.467026,9171,9164.477433,6.522567,6.522567,95.731277,1000.000000,6246.975735
6,1000000,1020048,22,1.467026,9318,9318.345844,-0.345844,0.345844,96.531580,1009.974257,6351.860300
6,1000000,1040498,22,1.467026,9459,9474.849884,-15.849884,15.849884,97.338841,1020.048038,6458.541445
6,1000000,1061358,22,1.467026,9611,9634.034891,-23.034891,23.034891,98.153120,1030.222306,6567.050073
6,1000000,1082637,22,1.467026,9769,9795.953378,-26.953378,26.953378,98.974509,1040.498438,6677.421981
6,1000000,1104342,22,1.467026,9942,9960.642210,-18.642210,18.642210,99.803017,1050.876777,6789.682298
6,1000000,1126482,22,1.467026,10118,10128.153047,-10.153047,10.153047,100.638725,1061.358563,6903.866237
6,1000000,1149066,22,1.467026,10297,10298.537064,-1.537064,1.537064,101.481708,1071.944961,7020.008682
6,1000000,1172102,22,1.467026,10478,10471.837449,6.162551,6.162551,102.331996,1082.636596,7138.139073
6,1000000,1195601,22,1.467026,10645,10648.119485,-3.119485,3.119485,103.189726,1093.435412,7258.301909
6,1000000,1219570,22,1.467026,10812,10827.417944,-15.417944,15.417944,104.054879,1104.341433,7380.520893
6,1000000,1244021,22,1.467026,10995,11009.804561,-14.804561,14.804561,104.927616,1115.356894,7504.844923
6,1000000,1268961,22,1.467026,11190,11195.313237,-5.313237,5.313237,105.807907,1126.481691,7631.297109
6,1000000,1294401,22,1.467026,11378,11384.007234,-6.007234,6.007234,106.695863,1137.717452,7759.920571
6,1000000,1320352,22,1.467026,11558,11575.949218,-17.949218,17.949218,107.591585,1149.065707,7890.758028
6,1000000,1346822,22,1.467026,11748,11771.179177,-23.179177,23.179177,108.495065,1160.526605,8023.836736
6,1000000,1373824,22,1.467026,11943,11969.773492,-26.773492,26.773492,109.406460,1172.102385,8159.208761
6,1000000,1401366,22,1.467026,12147,12171.771194,-24.771194,24.771194,110.325750,1183.793056,8296.900708
6,1000000,1429461,22,1.467026,12339,12377.247518,-38.247518,38.247518,111.253079,1195.600686,8436.963861
6,1000000,1458119,22,1.467026,12563,12586.255137,-23.255137,23.255137,112.188480,1207.525983,8579.434126
6,1000000,1487352,22,1.467026,12766,12798.860793,-32.860793,32.860793,113.132050,1219.570416,8724.356997
6,1000000,1517171,22,1.467026,12973,13015.123373,-42.123373,42.123373,114.083844,1231.734955,8871.772613
6,1000000,1547587,22,1.467026,13181,13235.101241,-54.101241,54.101241,115.043910,1244.020498,9021.720759
6,1000000,1578614,22,1.467026,13397,13458.873857,-61.873857,61.873857,116.012387,1256.429067,9174.255600
6,1000000,1610262,22,1.467026,13623,13686.491210,-63.491210,63.491210,116.989278,1268.960992,9329.411209
6,1000000,1642545,22,1.467026,13855,13918.031524,-63.031524,63.031524,117.974707,1281.618118,9487.240909
6,1000000,1675475,22,1.467026,14101,14153.558015,-52.558015,52.558015,118.968727,1294.401406,9647.787790
6,1000000,1709065,22,1.467026,14330,14393.140469,-63.140469,63.140469,119.971415,1307.312128,9811.099424
6,1000000,1743329,22,1.467026,14567,14636.855155,-69.855155,69.855155,120.982871,1320.351847,9977.227797
6,1000000,1778279,22,1.467026,14805,14884.763483,-79.763483,79.763483,122.003129,1333.521278,10146.214771
6,1000000,1000000,30,3.520863,21990,21994.745840,-4.745840,4.745840,148.306257,1000.000000,6246.975735
6,1000000,1020048,30,3.520863,22403,22364.030024,38.969976,38.969976,149.546080,1009.974257,6351.860300
6,1000000,1040498,30,3.520863,22745,22739.639722,5.360278,5.360278,150.796683,1020.048038,6458.541445
6,1000000,1061358,30,3.520863,23099,23121.683737,-22.683737,22.683737,152.058159,1030.222306,6567.050073
6,1000000,1082637,30,3.520863,23503,23510.288106,-7.288106,7.288106,153.330650,1040.498438,6677.421981
6,1000000,1104342,30,3.520863,23907,23905.541305,1.458695,1.458695,154.614169,1050.876777,6789.682298
6,1000000,1126482,30,3.520863,24319,24307.567313,11.432687,11.432687,155.908843,1061.358563,6903.866237
6,1000000,1149066,30,3.520863,24718,24716.488953,1.511047,1.511047,157.214786,1071.944961,7020.008682
6,1000000,1172102,30,3.520863,25143,25132.409878,10.590122,10.590122,158.532047,1082.636596,7138.139073
6,1000000,1195601,30,3.520863,25582,25555.486764,26.513236,26.513236,159.860836,1093.435412,7258.301909
6,1000000,1219570,30,3.520863,26021,25985.803065,35.196935,35.196935,161.201126,1104.341433,7380.520893
6,1000000,1244021,30,3.520863,26453,26423.530946,29.469054,29.469054,162.553163,1115.356894,7504.844923
6,1000000,1268961,30,3.520863,26893,26868.751768,24.248232,24.248232,163.916905,1126.481691,7631.297109
6,1000000,1294401,30,3.520863,27343,27321.617361,21.382639,21.382639,165.292521,1137.717452,7759.920571
6,1000000,1320352,30,3.520863,27790,27782.278123,7.721877,7.721877,166.680167,1149.065707,7890.758028
6,1000000,1346822,30,3.520863,28282,28250.830025,31.169975,31.169975,168.079832,1160.526605,8023.836736
6,1000000,1373824,30,3.520863,28739,28727.456381,11.543619,11.543619,169.491759,1172.102385,8159.208761
6,1000000,1401366,30,3.520863,29240,29212.250865,27.749135,27.749135,170.915918,1183.793056,8296.900708
6,1000000,1429461,30,3.520863,29711,29705.394042,5.605958,5.605958,172.352528,1195.600686,8436.963861
6,1000000,1458119,30,3.520863,30218,30207.012329,10.987671,10.987671,173.801647,1207.525983,8579.434126
6,1000000,1487352,30,3.520863,30709,30717.265904,-8.265904,8.265904,175.263419,1219.570416,8724.356997
6,1000000,1517171,30,3.520863,31239,31236.296094,2.703906,2.703906,176.737931,1231.734955,8871.772613
6,1000000,1547587,30,3.520863,31774,31764.242978,9.757022,9.757022,178.225259,1244.020498,9021.720759
6,1000000,1578614,30,3.520863,32312,32301.297258,10.702742,10.702742,179.725617,1256.429067,9174.255600
6,1000000,1610262,30,3.520863,32865,32847.578905,17.421095,17.421095,181.239010,1268.960992,9329.411209
6,1000000,1642545,30,3.520863,33393,33403.275658,-10.275658,10.275658,182.765630,1281.618118,9487.240909
6,1000000,1675475,30,3.520863,33986,33968.539235,17.460765,17.460765,184.305559,1294.401406,9647.787790
6,1000000,1709065,30,3.520863,34528,34543.537126,-15.537126,15.537126,185.858917,1307.312128,9811.099424
6,1000000,1743329,30,3.520863,35090,35128.452372,-38.452372,38.452372,187.425858,1320.351847,9977.227797
6,1000000,1778279,30,3.520863,35685,35723.432359,-38.432359,38.432359,189.006435,1333.521278,10146.214771
6,1000000,1000000,42,3.168777,19839,19795.271256,43.728744,43.728744,140.695669,1000.000000,6246.975735
6,1000000,1020048,42,3.168777,20176,20127.627022,48.372978,48.372978,141.871868,1009.974257,6351.860300
6,1000000,1040498,42,3.168777,20510,20465.675750,44.324250,44.324250,143.058295,1020.048038,6458.541445
6,1000000,1061358,42,3.168777,20859,20809.515364,49.484636,49.484636,144.255036,1030.222306,6567.050073
6,1000000,1082637,42,3.168777,21212,21159.259296,52.740704,52.740704,145.462226,1040.498438,6677.421981
6,1000000,1104342,42,3.168777,21584,21514.987175,69.012825,69.012825,146.679880,1050.876777,6789.682298
6,1000000,1126482,42,3.168777,21948,21876.810582,71.189418,71.189418,147.908115,1061.358563,6903.866237
6,1000000,1149066,42,3.168777,22339,22244.840057,94.159943,94.159943,149.147042,1071.944961,7020.008682
6,1000000,1172102,42,3.168777,22736,22619.168890,116.831110,116.831110,150.396705,1082.636596,7138.139073
6,1000000,1195601,42,3.168777,23122,22999.938088,122.061912,122.061912,151.657305,1093.435412,7258.301909
6,1000000,1219570,42,3.168777,23481,23387.222758,93.777242,93.777242,152.928816,1104.341433,7380.520893
6,1000000,1244021,42,3.168777,23875,23781.177851,93.822149,93.822149,154.211471,1115.356894,7504.844923
6,1000000,1268961,42,3.168777,24271,24181.876592,89.123408,89.123408,155.505230,1126.481691,7631.297109
6,1000000,1294401,42,3.168777,24698,24589.455625,108.544375,108.544375,156.810254,1137.717452,7759.920571
6,1000000,1320352,42,3.168777,25090,25004.050311,85.949689,85.949689,158.126691,1149.065707,7890.758028
6,1000000,1346822,42,3.168777,25509,25425.747022,83.252978,83.252978,159.454530,1160.526605,8023.836736
6,1000000,1373824,42,3.168777,25925,25854.710743,70.289257,70.289257,160.794001,1172.102385,8159.208761
6,1000000,1401366,42,3.168777,26371,26291.025779,79.974221,79.974221,162.145076,1183.793056,8296.900708
6,1000000,1429461,42,3.168777,26802,26734.854638,67.145362,67.145362,163.507965,1195.600686,8436.963861
6,1000000,1458119,42,3.168777,27281,27186.311096,94.688904,94.688904,164.882719,1207.525983,8579.434126
6,1000000,1487352,42,3.168777,27729,27645.539313,83.460687,83.460687,166.269478,1219.570416,8724.356997
6,1000000,1517171,42,3.168777,28215,28112.666485,102.333515,102.333515,167.668323,1231.734955,8871.772613
6,1000000,1547587,42,3.168777,28661,28587.818680,73.181320,73.181320,169.079327,1244.020498,9021.720759
6,1000000,1578614,42,3.168777,29129,29071.167532,57.832468,57.832468,170.502691,1256.429067,9174.255600
6,1000000,1610262,42,3.168777,29610,29562.821015,47.178985,47.178985,171.938422,1268.960992,9329.411209
6,1000000,1642545,42,3.168777,30096,30062.948092,33.051908,33.051908,173.386701,1281.618118,9487.240909
6,1000000,1675475,42,3.168777,30613,30571.685312,41.314688,41.314688,174.847606,1294.401406,9647.787790
6,1000000,1709065,42,3.168777,31143,31089.183413,53.816587,53.816587,176.321251,1307.312128,9811.099424
6,1000000,1743329,42,3.168777,31646,31615.607135,30.392865,30.392865,177.807781,1320.351847,9977.227797
6,1000000,1778279,42,3.168777,32173,32151.089123,21.910877,21.910877,179.307248,1333.521278,10146.214771
6,1000000,1000000,90,3.520863,21909,21994.745840,-85.745840,85.745840,148.306257,1000.000000,6246.975735
6,1000000,1020048,90,3.520863,22282,22364.030024,-82.030024,82.030024,149.546080,1009.974257,6351.860300
6,1000000,1040498,90,3.520863,22640,22739.639722,-99.639722,99.639722,150.796683,1020.048038,6458.541445
6,1000000,1061358,90,3.520863,23026,23121.683737,-95.683737,95.683737,152.058159,1030.222306,6567.050073
6,1000000,1082637,90,3.520863,23428,23510.288106,-82.288106,82.288106,153.330650,1040.498438,6677.421981
6,1000000,1104342,90,3.520863,23838,23905.541305,-67.541305,67.541305,154.614169,1050.876777,6789.682298
6,1000000,1126482,90,3.520863,24240,24307.567313,-67.567313,67.567313,155.908843,1061.358563,6903.866237
6,1000000,1149066,90,3.520863,24614,24716.488953,-102.488953,102.488953,157.214786,1071.944961,7020.008682
6,1000000,1172102,90,3.520863,25065,25132.409878,-67.409878,67.409878,158.532047,1082.636596,7138.139073
6,1000000,1195601,90,3.520863,25470,25555.486764,-85.486764,85.486764,159.860836,1093.435412,7258.301909
6,1000000,1219570,90,3.520863,25920,25985.803065,-65.803065,65.803065,161.201126,1104.341433,7380.520893
6,1000000,1244021,90,3.520863,26321,26423.530946,-102.530946,102.530946,162.553163,1115.356894,7504.844923
6,1000000,1268961,90,3.520863,26737,26868.751768,-131.751768,131.751768,163.916905,1126.481691,7631.297109
6,1000000,1294401,90,3.520863,27191,27321.617361,-130.617361,130.617361,165.292521,1137.717452,7759.920571
6,1000000,1320352,90,3.520863,27657,27782.278123,-125.278123,125.278123,166.680167,1149.065707,7890.758028
6,1000000,1346822,90,3.520863,28113,28250.830025,-137.830025,137.830025,168.079832,1160.526605,8023.836736
6,1000000,1373824,90,3.520863,28585,28727.456381,-142.456381,142.456381,169.491759,1172.102385,8159.208761
6,1000000,1401366,90,3.520863,29082,29212.250865,-130.250865,130.250865,170.915918,1183.793056,8296.900708
6,1000000,1429461,90,3.520863,29548,29705.394042,-157.394042,157.394042,172.352528,1195.600686,8436.963861
6,1000000,1458119,90,3.520863,30071,30207.012329,-136.012329,136.012329,173.801647,1207.525983,8579.434126
6,1000000,1487352,90,3.520863,30579,30717.265904,-138.265904,138.265904,175.263419,1219.570416,8724.356997
6,1000000,1517171,90,3.520863,31116,31236.296094,-120.296094,120.296094,176.737931,1231.734955,8871.772613
6,1000000,1547587,90,3.520863,31592,31764.242978,-172.242978,172.242978,178.225259,1244.020498,9021.720759
6,1000000,1578614,90,3.520863,32132,32301.297258,-169.297258,169.297258,179.725617,1256.429067,9174.255600
6,1000000,1610262,90,3.520863,32683,32847.578905,-164.578905,164.578905,181.239010,1268.960992,9329.411209
6,1000000,1642545,90,3.520863,33228,33403.275658,-175.275658,175.275658,182.765630,1281.618118,9487.240909
6,1000000,1675475,90,3.520863,33807,33968.539235,-161.539235,161.539235,184.305559,1294.401406,9647.787790
6,1000000,1709065,90,3.520863,34371,34543.537126,-172.537126,172.537126,185.858917,1307.312128,9811.099424
6,1000000,1743329,90,3.520863,34934,35128.452372,-194.452372,194.452372,187.425858,1320.351847,9977.227797
6,1000000,1778279,90,3.520863,35535,35723.432359,-188.432359,188.432359,189.006435,1333.521278,10146.214771
6,1000000,1000000,198,2.934053,18235,18328.954866,-93.954866,93.954866,135.384471,1000.000000,6246.975735
6,1000000,1020048,198,2.934053,18578,18636.691687,-58.691687,58.691687,136.516269,1009.974257,6351.860300
6,1000000,1040498,198,2.934053,18896,18949.699769,-53.699769,53.699769,137.657908,1020.048038,6458.541445
6,1000000,1061358,198,2.934053,19214,19268.069781,-54.069781,54.069781,138.809473,1030.222306,6567.050073
6,1000000,1082637,198,2.934053,19542,19591.906755,-49.906755,49.906755,139.971093,1040.498438,6677.421981
6,1000000,1104342,198,2.934053,19872,19921.284421,-49.284421,49.284421,141.142780,1050.876777,6789.682298
6,1000000,1126482,198,2.934053,20213,20256.306094,-43.306094,43.306094,142.324650,1061.358563,6903.866237
6,1000000,1149066,198,2.934053,20557,20597.074127,-40.074127,40.074127,143.516808,1071.944961,7020.008682
6,1000000,1172102,198,2.934053,20925,20943.674898,-18.674898,18.674898,144.719297,1082.636596,7138.139073
6,1000000,1195601,198,2.934053,21292,21296.238970,-4.238970,4.238970,145.932310,1093.435412,7258.301909
6,1000000,1219570,198,2.934053,21630,21654.835887,-24.835887,24.835887,147.155822,1104.341433,7380.520893
6,1000000,1244021,198,2.934053,21957,22019.609121,-62.609121,62.609121,148.390057,1115.356894,7504.844923
6,1000000,1268961,198,2.934053,22338,22390.626474,-52.626474,52.626474,149.634977,1126.481691,7631.297109
6,1000000,1294401,198,2.934053,22692,22768.014467,-76.014467,76.014467,150.890737,1137.717452,7759.920571
6,1000000,1320352,198,2.934053,23071,23151.898436,-80.898436,80.898436,152.157479,1149.065707,7890.758028
6,1000000,1346822,198,2.934053,23469,23542.358354,-73.358354,73.358354,153.435193,1160.526605,8023.836736
6,1000000,1373824,198,2.934053,23841,23939.546985,-98.546985,98.546985,154.724100,1172.102385,8159.208761
6,1000000,1401366,198,2.934053,24246,24343.542388,-97.542388,97.542388,156.024172,1183.793056,8296.900708
6,1000000,1429461,198,2.934053,24630,24754.495035,-124.495035,124.495035,157.335613,1195.600686,8436.963861
6,1000000,1458119,198,2.934053,25063,25172.510274,-109.510274,109.510274,158.658471,1207.525983,8579.434126
6,1000000,1487352,198,2.934053,25473,25597.721586,-124.721586,124.721586,159.992880,1219.570416,8724.356997
6,1000000,1517171,198,2.934053,25947,26030.246745,-83.246745,83.246745,161.338919,1231.734955,8871.772613
6,1000000,1547587,198,2.934053,26373,26470.202481,-97.202481,97.202481,162.696658,1244.020498,9021.720759
6,1000000,1578614,198,2.934053,26769,26917.747715,-148.747715,148.747715,164.066291,1256.429067,9174.255600
6,1000000,1610262,198,2.934053,27230,27372.982421,-142.982421,142.982421,165.447824,1268.960992,9329.411209
6,1000000,1642545,198,2.934053,27691,27836.063048,-145.063048,145.063048,166.841431,1281.618118,9487.240909
6,1000000,1675475,198,2.934053,28174,28307.116029,-133.116029,133.116029,168.247187,1294.401406,9647.787790
6,1000000,1709065,198,2.934053,28643,28786.280938,-143.280938,143.280938,169.665202,1307.312128,9811.099424
6,1000000,1743329,198,2.934053,29130,29273.710310,-143.710310,143.710310,171.095617,1320.351847,9977.227797
6,1000000,1778279,198,2.934053,29621,29769.526966,-148.526966,148.526966,172.538480,1333.521278,10146.214771
7,10000000,10000000,2,1.320324,58980,58753.816498,226.183502,226.183502,242.391866,3162.277660,44499.556842
7,10000000,10200482,2,1.320324,60025,59771.451509,253.548491,253.548491,244.482007,3193.819344,45270.303488
7,10000000,10404983,2,1.320324,61046,60806.936283,239.063717,239.063717,246.590625,3225.675588,46054.569367
7,10000000,10613584,2,1.320324,62092,61860.589279,231.410721,231.410721,248.717891,3257.849598,46852.595678
7,10000000,10826367,2,1.320324,63188,62932.731496,255.268504,255.268504,250.863970,3290.344511,47664.625540
7,10000000,11043416,2,1.320324,64233,64023.691462,209.308538,209.308538,253.029033,3323.163553,48490.907778
7,10000000,11264817,2,1.320324,65382,65133.805153,248.194847,248.194847,255.213254,3356.310027,49331.696858
7,10000000,11490656,2,1.320324,66483,66263.405921,219.594079,219.594079,257.416794,3389.787014,50187.245256
7,10000000,11721023,2,1.320324,67635,67412.844467,222.155533,222.155533,259.639836,3423.597961,51057.818590
7,10000000,11956008,2,1.320324,68783,68582.468755,200.531245,200.531245,261.882548,3457.746087,51943.680404
7,10000000,12195705,2,1.320324,69970,69772.643888,197.356112,197.356112,264.145119,3492.234958,52845.107225
7,10000000,12440206,2,1.320324,71200,70983.722231,216.277769,216.277769,266.427705,3527.067621,53762.365928
7,10000000,12689610,2,1.320324,72388,72216.087985,171.912015,171.912015,268.730512,3562.247886,54695.747506
7,10000000,12944014,2,1.320324,73622,73470.112509,151.887491,151.887491,271.053708,3597.779037,55645.533220
7,10000000,13203518,2,1.320324,74880,74746.179036,133.820964,133.820964,273.397474,3633.664541,56612.013329
7,10000000,13468224,2,1.320324,76191,76044.677644,146.322356,146.322356,275.761995,3669.907901,57595.483273
7,10000000,13738238,2,1.320324,77506,77366.014954,139.985046,139.985046,278.147470,3706.512916,58596.251023
7,10000000,14013665,2,1.320324,78847,78710.589568,136.410432,136.410432,280.554076,3743.483004,59614.618476
7,10000000,14294613,2,1.320324,80278,80078.811626,199.188374,199.188374,282.981999,3780.821736,60650.896268
7,10000000,14581195,2,1.320324,81639,81471.112386,167.887614,167.887614,285.431450,3818.533095,61705.411030
7,10000000,14873521,2,1.320324,83046,82887.905257,158.094743,158.094743,287.902597,3856.620412,62778.475873
7,10000000,15171708,2,1.320324,84504,84329.634310,174.365690,174.365690,290.395651,3895.087676,63870.427133
7,10000000,15475874,2,1.320324,85985,85796.745022,188.254978,188.254978,292.910814,3933.938739,64981.602209
7,10000000,15786137,2,1.320324,87501,87289.679460,211.320540,211.320540,295.448269,3973.177192,66112.335919
7,10000000,16102620,2,1.320324,88992,88808.900309,183.099691,183.099691,298.008222,4012.806998,67262.978695
7,10000000,16425449,2,1.320324,90526,90354.881071,171.118929,171.118929,300.590887,4052.832220,68433.889163
7,10000000,16754749,2,1.320324,92143,91928.086860,214.913140,214.913140,303.196449,4093.256528,69625.419597
7,10000000,17090652,2,1.320324,93730,93529.012598,200.987402,200.987402,305.825134,4134.084179,70837.944844
7,10000000,17433288,2,1.320324,95357,95158.139932,198.860068,198.860068,308.477130,4175.318910,72071.829700
7,10000000,17782794,2,1.320324,97052,96815.980041,236.019959,236.019959,311.152664,4216.965022,73327.461326
7,10000000,10000000,6,2.640647,117207,117507.632996,-300.632996,300.632996,342.793864,3162.277660,44499.556842
7,10000000,10200482,6,2.640647,119172,119542.903019,-370.903019,370.903019,345.749769,3193.819344,45270.303488
7,10000000,10404983,6,2.640647,121210,121613.872565,-403.872565,403.872565,348.731806,3225.675588,46054.569367
7,10000000,10613584,6,2.640647,123231,123721.178559,-490.178559,490.178559,351.740215,3257.849598,46852.595678
7,10000000,10826367,6,2.640647,125360,125865.462993,-505.462993,505.462993,354.775229,3290.344511,47664.625540
7,10000000,11043416,6,2.640647,127503,128047.382924,-544.382924,544.382924,357.837090,3323.163553,48490.907778
7,10000000,11264817,6,2.640647,129768,130267.610305,-499.610305,499.610305,360.926045,3356.310027,49331.696858
7,10000000,11490656,6,2.640647,132011,132526.811841,-515.811841,515.811841,364.042321,3389.787014,50187.245256
7,10000000,11721023,6,2.640647,134259,134825.688934,-566.688934,566.688934,367.186177,3423.597961,51057.818590
7,10000000,11956008,6,2.640647,136578,137164.937510,-586.937510,586.937510,370.357851,3457.746087,51943.680404
7,10000000,12195705,6,2.640647,138944,139545.287776,-601.287776,601.287776,373.557610,3492.234958,52845.107225
7,10000000,12440206,6,2.640647,141349,141967.444461,-618.444461,618.444461,376.785674,3527.067621,53762.365928
7,10000000,12689610,6,2.640647,143804,144432.175970,-628.175970,628.175970,380.042334,3562.247886,54695.747506
7,10000000,12944014,6,2.640647,146253,146940.225018,-687.225018,687.225018,383.327830,3597.779037,55645.533220
7,10000000,13203518,6,2.640647,148828,149492.358072,-664.358072,664.358072,386.642416,3633.664541,56612.013329
7,10000000,13468224,6,2.640647,151388,152089.355287,-701.355287,701.355287,389.986353,3669.907901,57595.483273
7,10000000,13738238,6,2.640647,154017,154732.029908,-715.029908,715.029908,393.359924,3706.512916,58596.251023
7,10000000,14013665,6,2.640647,156688,157421.179135,-733.179135,733.179135,396.763379,3743.483004,59614.618476
7,10000000,14294613,6,2.640647,159485,160157.623251,-672.623251,672.623251,400.196981,3780.821736,60650.896268
7,10000000,14581195,6,2.640647,162311,162942.224773,-631.224773,631.224773,403.661027,3818.533095,61705.411030
7,10000000,14873521,6,2.640647,165098,165775.810514,-677.810514,677.810514,407.155757,3856.620412,62778.475873
7,10000000,15171708,6,2.640647,167927,168659.268621,-732.268621,732.268621,410.681469,3895.087676,63870.427133
7,10000000,15475874,6,2.640647,170812,171593.490044,-781.490044,781.490044,414.238446,3933.938739,64981.602209
7,10000000,15786137,6,2.640647,173867,174579.358919,-712.358919,712.358919,417.826949,3973.177192,66112.335919
7,10000000,16102620,6,2.640647,176938,177617.800618,-679.800618,679.800618,421.447269,4012.806998,67262.978695
7,10000000,16425449,6,2.640647,179967,180709.762142,-742.762142,742.762142,425.099708,4052.832220,68433.889163
7,10000000,16754749,6,2.640647,183089,183856.173720,-767.173720,767.173720,428.784531,4093.256528,69625.419597
7,10000000,17090652,6,2.640647,186316,187058.025197,-742.025197,742.025197,432.502052,4134.084179,70837.944844
7,10000000,17433288,6,2.640647,189559,190316.279864,-757.279864,757.279864,436.252541,4175.318910,72071.829700
7,10000000,17782794,6,2.640647,192855,193631.960081,-776.960081,776.960081,440.036317,4216.965022,73327.461326
7,10000000,10000000,14,1.584388,70463,70504.579798,-41.579798,41.579798,265.526985,3162.277660,44499.556842
7,10000000,10200482,14,1.584388,71689,71725.741811,-36.741811,36.741811,267.816620,3193.819344,45270.303488
7,10000000,10404983,14,1.584388,72881,72968.323539,-87.323539,87.323539,270.126495,3225.675588,46054.569367
7,10000000,10613584,14,1.584388,74117,74232.707135,-115.707135,115.707135,272.456799,3257.849598,46852.595678
7,10000000,10826367,14,1.584388,75418,75519.277796,-101.277796,101.277796,274.807711,3290.344511,47664.625540
7,10000000,11043416,14,1.584388,76754,76828.429754,-74.429754,74.429754,277.179418,3323.163553,48490.907778
7,10000000,11264817,14,1.584388,78106,78160.566183,-54.566183,54.566183,279.572113,3356.310027,49331.696858
7,10000000,11490656,14,1.584388,79463,79516.087105,-53.087105,53.087105,281.985970,3389.787014,50187.245256
7,10000000,11721023,14,1.584388,80857,80895.413360,-38.413360,38.413360,284.421190,3423.597961,51057.818590
7,10000000,11956008,14,1.584388,82244,82298.962506,-54.962506,54.962506,286.877958,3457.746087,51943.680404
7,10000000,12195705,14,1.584388,83673,83727.172666,-54.172666,54.172666,289.356480,3492.234958,52845.107225
7,10000000,12440206,14,1.584388,85122,85180.466677,-58.466677,58.466677,291.856928,3527.067621,53762.365928
7,10000000,12689610,14,1.584388,86615,86659.305582,-44.305582,44.305582,294.379526,3562.247886,54695.747506
7,10000000,12944014,14,1.584388,88133,88164.135011,-31.135011,31.135011,296.924460,3597.779037,55645.533220
7,10000000,13203518,14,1.584388,89687,89695.414843,-8.414843,8.414843,299.491928,3633.664541,56612.013329
7,10000000,13468224,14,1.584388,91247,91253.613172,-6.613172,6.613172,302.082130,3669.907901,57595.483273
7,10000000,13738238,14,1.584388,92866,92839.217945,26.782055,26.782055,304.695287,3706.512916,58596.251023
7,10000000,14013665,14,1.584388,94410,94452.707481,-42.707481,42.707481,307.331592,3743.483004,59614.618476
7,10000000,14294613,14,1.584388,96123,96094.573951,28.426049,28.426049,309.991248,3780.821736,60650.896268
7,10000000,14581195,14,1.584388,97815,97765.334864,49.665136,49.665136,312.674487,3818.533095,61705.411030
7,10000000,14873521,14,1.584388,99486,99465.486309,20.513691,20.513691,315.381493,3856.620412,62778.475873
7,10000000,15171708,14,1.584388,101184,101195.561172,-11.561172,11.561172,318.112498,3895.087676,63870.427133
7,10000000,15475874,14,1.584388,102930,102956.094026,-26.094026,26.094026,320.867720,3933.938739,64981.602209
7,10000000,15786137,14,1.584388,104738,104747.615352,-9.615352,9.615352,323.647363,3973.177192,66112.335919
7,10000000,16102620,14,1.584388,106553,106570.680371,-17.680371,17.680371,326.451651,4012.806998,67262.978695
7,10000000,16425449,14,1.584388,108404,108425.857285,-21.857285,21.857285,329.280818,4052.832220,68433.889163
7,10000000,16754749,14,1.584388,110292,110313.704232,-21.704232,21.704232,332.135069,4093.256528,69625.419597
7,10000000,17090652,14,1.584388,112223,112234.815118,-11.815118,11.815118,335.014649,4134.084179,70837.944844
7,10000000,17433288,14,1.584388,114208,114189.767918,18.232082,18.232082,337.919766,4175.318910,72071.829700
7,10000000,17782794,14,1.584388,116178,116179.176049,-1.176049,1.176049,340.850665,4216.965022,73327.461326
7,10000000,10000000,22,1.467026,65320,65282.018331,37.981669,37.981669,255.503461,3162.277660,44499.556842
7,10000000,10200482,22,1.467026,66416,66412.723899,3.276101,3.276101,257.706663,3193.819344,45270.303488
7,10000000,10404983,22,1.467026,67612,67563.262536,48.737464,48.737464,259.929341,3225.675588,46054.569367
7,10000000,10613584,22,1.467026,68799,68733.988088,65.011912,65.011912,262.171677,3257.849598,46852.595678
7,10000000,10826367,22,1.467026,69981,69925.257218,55.742782,55.742782,264.433843,3290.344511,47664.625540
7,10000000,11043416,22,1.467026,71177,71137.434958,39.565042,39.565042,266.716019,3323.163553,48490.907778
7,10000000,11264817,22,1.467026,72393,72370.894614,22.105386,22.105386,269.018391,3356.310027,49331.696858
7,10000000,11490656,22,1.467026,73631,73626.006579,4.993421,4.993421,271.341126,3389.787014,50187.245256
7,10000000,11721023,22,1.467026,74914,74903.160519,10.839481,10.839481,273.684418,3423.597961,51057.818590
7,10000000,11956008,22,1.467026,76216,76202.743061,13.256939,13.256939,276.048443,3457.746087,51943.680404
7,10000000,12195705,22,1.467026,77525,77525.159876,-0.159876,0.159876,278.433403,3492.234958,52845.107225
7,10000000,12440206,22,1.467026,78898,78870.802478,27.197522,27.197522,280.839460,3527.067621,53762.365928
7,10000000,12689610,22,1.467026,80242,80240.097761,1.902239,1.902239,283.266831,3562.247886,54695.747506
7,10000000,12944014,22,1.467026,81638,81633.458343,4.541657,4.541657,285.715695,3597.779037,55645.533220
7,10000000,13203518,22,1.467026,82998,83051.310040,-53.310040,53.310040,288.186242,3633.664541,56612.013329
7,10000000,13468224,22,1.467026,84396,84494.086271,-98.086271,98.086271,290.678665,3669.907901,57595.483273
7,10000000,13738238,22,1.467026,85913,85962.238838,-49.238838,49.238838,293.193177,3706.512916,58596.251023
7,10000000,14013665,22,1.467026,87376,87456.210631,-80.210631,80.210631,295.729962,3743.483004,59614.618476
7,10000000,14294613,22,1.467026,88922,88976.457362,-54.457362,54.457362,298.289218,3780.821736,60650.896268
7,10000000,14581195,22,1.467026,90442,90523.458207,-81.458207,81.458207,300.871165,3818.533095,61705.411030
7,10000000,14873521,22,1.467026,92000,92097.672508,-97.672508,97.672508,303.475983,3856.620412,62778.475873
7,10000000,15171708,22,1.467026,93580,93699.593678,-119.593678,119.593678,306.103894,3895.087676,63870.427133
7,10000000,15475874,22,1.467026,95193,95329.716691,-136.716691,136.716691,308.755108,3933.938739,64981.602209
7,10000000,15786137,22,1.467026,96879,96988.532733,-109.532733,109.532733,311.429820,3973.177192,66112.335919
7,10000000,16102620,22,1.467026,98568,98676.555899,-108.555899,108.555899,314.128248,4012.806998,67262.978695
7,10000000,16425449,22,1.467026,100285,100394.312301,-109.312301,109.312301,316.850615,4052.832220,68433.889163
7,10000000,16754749,22,1.467026,102024,102142.318733,-118.318733,118.318733,319.597119,4093.256528,69625.419597
7,10000000,17090652,22,1.467026,103787,103921.125109,-134.125109,134.125109,322.367996,4134.084179,70837.944844
7,10000000,17433288,22,1.467026,105544,105731.266591,-187.266591,187.266591,325.163446,4175.318910,72071.829700
7,10000000,17782794,22,1.467026,107386,107573.311156,-187.311156,187.311156,327.983706,4216.965022,73327.461326
7,10000000,10000000,30,3.520863,156517,156676.843994,-159.843994,159.843994,395.824259,3162.277660,44499.556842
7,10000000,10200482,30,3.520863,159203,159390.537358,-187.537358,187.537358,399.237445,3193.819344,45270.303488
7,10000000,10404983,30,3.520863,161963,162151.830087,-188.830087,188.830087,402.680804,3225.675588,46054.569367
7,10000000,10613584,30,3.520863,164745,164961.571412,-216.571412,216.571412,406.154615,3257.849598,46852.595678
7,10000000,10826367,30,3.520863,167588,167820.617324,-232.617324,232.617324,409.659148,3290.344511,47664.625540
7,10000000,11043416,30,3.520863,170550,170729.843898,-179.843898,179.843898,413.194680,3323.163553,48490.907778
7,10000000,11264817,30,3.520863,173475,173690.147074,-215.147074,215.147074,416.761499,3356.310027,49331.696858
7,10000000,11490656,30,3.520863,176392,176702.415789,-310.415789,310.415789,420.359865,3389.787014,50187.245256
7,10000000,11721023,30,3.520863,179521,179767.585246,-246.585246,246.585246,423.990077,3423.597961,51057.818590
7,10000000,11956008,30,3.520863,182671,182886.583346,-215.583346,215.583346,427.652409,3457.746087,51943.680404
7,10000000,12195705,30,3.520863,185853,186060.383702,-207.383702,207.383702,431.347173,3492.234958,52845.107225
7,10000000,12440206,30,3.520863,189120,189289.925948,-169.925948,169.925948,435.074621,3527.067621,53762.365928
7,10000000,12689610,30,3.520863,192411,192576.234626,-165.234626,165.234626,438.835088,3562.247886,54695.747506
7,10000000,12944014,30,3.520863,195727,195920.300024,-193.300024,193.300024,442.628851,3597.779037,55645.533220
7,10000000,13203518,30,3.520863,199124,199323.144096,-199.144096,199.144096,446.456206,3633.664541,56612.013329
7,10000000,13468224,30,3.520863,202618,202785.807050,-167.807050,167.807050,450.317451,3669.907901,57595.483273
7,10000000,13738238,30,3.520863,206130,206309.373211,-179.373211,179.373211,454.212916,3706.512916,58596.251023
7,10000000,14013665,30,3.520863,209709,209894.905514,-185.905514,185.905514,458.142888,3743.483004,59614.618476
7,10000000,14294613,30,3.520863,213280,213543.497668,-263.497668,263.497668,462.107669,3780.821736,60650.896268
7,10000000,14581195,30,3.520863,216978,217256.299697,-278.299697,278.299697,466.107605,3818.533095,61705.411030
7,10000000,14873521,30,3.520863,220753,221034.414019,-281.414019,281.414019,470.142972,3856.620412,62778.475873
7,10000000,15171708,30,3.520863,224572,224879.024827,-307.024827,307.024827,474.214113,3895.087676,63870.427133
7,10000000,15475874,30,3.520863,228432,228791.320058,-359.320058,359.320058,478.321356,3933.938739,64981.602209
7,10000000,15786137,30,3.520863,232436,232772.478559,-336.478559,336.478559,482.465002,3973.177192,66112.335919
7,10000000,16102620,30,3.520863,236530,236823.734157,-293.734157,293.734157,486.645389,4012.806998,67262.978695
7,10000000,16425449,30,3.520863,240623,240946.349522,-323.349522,323.349522,490.862862,4052.832220,68433.889163
7,10000000,16754749,30,3.520863,244861,245141.564960,-280.564960,280.564960,495.117728,4093.256528,69625.419597
7,10000000,17090652,30,3.520863,249147,249410.700262,-263.700262,263.700262,499.410353,4134.084179,70837.944844
7,10000000,17433288,30,3.520863,253445,253755.039818,-310.039818,310.039818,503.741044,4175.318910,72071.829700
7,10000000,17782794,30,3.520863,257876,258175.946775,-299.946775,299.946775,508.110172,4216.965022,73327.461326
7,10000000,10000000,42,3.168777,140849,141009.159595,-160.159595,160.159595,375.511863,3162.277660,44499.556842
7,10000000,10200482,42,3.168777,143281,143451.483622,-170.483622,170.483622,378.749896,3193.819344,45270.303488
7,10000000,10404983,42,3.168777,145779,145936.647078,-157.647078,157.647078,382.016553,3225.675588,46054.569367
7,10000000,10613584,42,3.168777,148323,148465.414271,-142.414271,142.414271,385.312100,3257.849598,46852.595678
7,10000000,10826367,42,3.168777,150898,151038.555591,-140.555591,140.555591,388.636791,3290.344511,47664.625540
7,10000000,11043416,42,3.168777,153533,153656.859508,-123.859508,123.859508,391.990892,3323.163553,48490.907778
7,10000000,11264817,42,3.168777,156232,156321.132366,-89.132366,89.132366,395.374673,3356.310027,49331.696858
7,10000000,11490656,42,3.168777,158908,159032.174210,-124.174210,124.174210,398.788383,3389.787014,50187.245256
7,10000000,11721023,42,3.168777,161698,161790.826721,-92.826721,92.826721,402.232304,3423.597961,51057.818590
7,10000000,11956008,42,3.168777,164536,164597.925012,-61.925012,61.925012,405.706698,3457.746087,51943.680404
7,10000000,12195705,42,3.168777,167345,167454.345332,-109.345332,109.345332,409.211859,3492.234958,52845.107225
7,10000000,12440206,42,3.168777,170331,170360.933353,-29.933353,29.933353,412.748026,3527.067621,53762.365928
7,10000000,12689610,42,3.168777,173201,173318.611164,-117.611164,117.611164,416.315519,3562.247886,54695.747506
7,10000000,12944014,42,3.168777,176202,176328.270021,-126.270021,126.270021,419.914598,3597.779037,55645.533220
7,10000000,13203518,42,3.168777,179262,179390.829687,-128.829687,128.829687,423.545546,3633.664541,56612.013329
7,10000000,13468224,42,3.168777,182405,182507.226345,-102.226345,102.226345,427.208645,3669.907901,57595.483273
7,10000000,13738238,42,3.168777,185596,185678.435890,-82.435890,82.435890,430.904207,3706.512916,58596.251023
7,10000000,14013665,42,3.168777,188847,188905.414962,-58.414962,58.414962,434.632506,3743.483004,59614.618476
7,10000000,14294613,42,3.168777,192079,192189.147901,-110.147901,110.147901,438.393827,3780.821736,60650.896268
7,10000000,14581195,42,3.168777,195389,195530.669727,-141.669727,141.669727,442.188500,3818.533095,61705.411030
7,10000000,14873521,42,3.168777,198839,198930.972617,-91.972617,91.972617,446.016785,3856.620412,62778.475873
7,10000000,15171708,42,3.168777,202239,202391.122345,-152.122345,152.122345,449.879009,3895.087676,63870.427133
7,10000000,15475874,42,3.168777,205699,205912.188052,-213.188052,213.188052,453.775482,3933.938739,64981.602209
7,10000000,15786137,42,3.168777,209308,209495.230703,-187.230703,187.230703,457.706490,3973.177192,66112.335919
7,10000000,16102620,42,3.168777,212942,213141.360741,-199.360741,199.360741,461.672352,4012.806998,67262.978695
7,10000000,16425449,42,3.168777,216714,216851.714570,-137.714570,137.714570,465.673399,4052.832220,68433.889163
7,10000000,16754749,42,3.168777,220500,220627.408464,-127.408464,127.408464,469.709919,4093.256528,69625.419597
7,10000000,17090652,42,3.168777,224418,224469.630236,-51.630236,51.630236,473.782260,4134.084179,70837.944844
7,10000000,17433288,42,3.168777,228249,228379.535836,-130.535836,130.535836,477.890715,4175.318910,72071.829700
7,10000000,17782794,42,3.168777,232173,232358.352098,-185.352098,185.352098,482.035634,4216.965022,73327.461326
7,10000000,10000000,90,3.520863,156706,156676.843994,29.156006,29.156006,395.824259,3162.277660,44499.556842
7,10000000,10200482,90,3.520863,159462,159390.537358,71.462642,71.462642,399.237445,3193.819344,45270.303488
7,10000000,10404983,90,3.520863,162214,162151.830087,62.169913,62.169913,402.680804,3225.675588,46054.569367
7,10000000,10613584,90,3.520863,165041,164961.571412,79.428588,79.428588,406.154615,3257.849598,46852.595678
7,10000000,10826367,90,3.520863,167911,167820.617324,90.382676,90.382676,409.659148,3290.344511,47664.625540
7,10000000,11043416,90,3.520863,170786,170729.843898,56.156102,56.156102,413.194680,3323.163553,48490.907778
7,10000000,11264817,90,3.520863,173830,173690.147074,139.852926,139.852926,416.761499,3356.310027,49331.696858
7,10000000,11490656,90,3.520863,176872,176702.415789,169.584211,169.584211,420.359865,3389.787014,50187.245256
7,10000000,11721023,90,3.520863,179993,179767.585246,225.414754,225.414754,423.990077,3423.597961,51057.818590
7,10000000,11956008,90,3.520863,183078,182886.583346,191.416654,191.416654,427.652409,3457.746087,51943.680404
7,10000000,12195705,90,3.520863,186243,186060.383702,182.616298,182.616298,431.347173,3492.234958,52845.107225
7,10000000,12440206,90,3.520863,189478,189289.925948,188.074052,188.074052,435.074621,3527.067621,53762.365928
7,10000000,12689610,90,3.520863,192802,192576.234626,225.765374,225.765374,438.835088,3562.247886,54695.747506
7,10000000,12944014,90,3.520863,196176,195920.300024,255.699976,255.699976,442.628851,3597.779037,55645.533220
7,10000000,13203518,90,3.520863,199528,199323.144096,204.855904,204.855904,446.456206,3633.664541,56612.013329
7,10000000,13468224,90,3.520863,202980,202785.807050,194.192950,194.192950,450.317451,3669.907901,57595.483273
7,10000000,13738238,90,3.520863,206538,206309.373211,228.626789,228.626789,454.212916,3706.512916,58596.251023
7,10000000,14013665,90,3.520863,210096,209894.905514,201.094486,201.094486,458.142888,3743.483004,59614.618476
7,10000000,14294613,90,3.520863,213774,213543.497668,230.502332,230.502332,462.107669,3780.821736,60650.896268
7,10000000,14581195,90,3.520863,217549,217256.299697,292.700303,292.700303,466.107605,3818.533095,61705.411030
7,10000000,14873521,90,3.520863,221276,221034.414019,241.585981,241.585981,470.142972,3856.620412,62778.475873
7,10000000,15171708,90,3.520863,225029,224879.024827,149.975173,149.975173,474.214113,3895.087676,63870.427133
7,10000000,15475874,90,3.520863,228868,228791.320058,76.679942,76.679942,478.321356,3933.938739,64981.602209
7,10000000,15786137,90,3.520863,232916,232772.478559,143.521441,143.521441,482.465002,3973.177192,66112.335919
7,10000000,16102620,90,3.520863,236853,236823.734157,29.265843,29.265843,486.645389,4012.806998,67262.978695
7,10000000,16425449,90,3.520863,241029,240946.349522,82.650478,82.650478,490.862862,4052.832220,68433.889163
7,10000000,16754749,90,3.520863,245200,245141.564960,58.435040,58.435040,495.117728,4093.256528,69625.419597
7,10000000,17090652,90,3.520863,249550,249410.700262,139.299738,139.299738,499.410353,4134.084179,70837.944844
7,10000000,17433288,90,3.520863,253966,253755.039818,210.960182,210.960182,503.741044,4175.318910,72071.829700
7,10000000,17782794,90,3.520863,258323,258175.946775,147.053225,147.053225,508.110172,4216.965022,73327.461326
7,10000000,10000000,198,2.934053,130505,130564.036662,-59.036662,59.036662,361.336459,3162.277660,44499.556842
7,10000000,10200482,198,2.934053,132715,132825.447799,-110.447799,110.447799,364.452257,3193.819344,45270.303488
7,10000000,10404983,198,2.934053,135069,135126.525072,-57.525072,57.525072,367.595600,3225.675588,46054.569367
7,10000000,10613584,198,2.934053,137446,137467.976176,-21.976176,21.976176,370.766741,3257.849598,46852.595678
7,10000000,10826367,198,2.934053,139902,139850.514436,51.485564,51.485564,373.965927,3290.344511,47664.625540
7,10000000,11043416,198,2.934053,142407,142274.869915,132.130085,132.130085,377.193412,3323.163553,48490.907778
7,10000000,11264817,198,2.934053,144851,144741.789228,109.210772,109.210772,380.449457,3356.310027,49331.696858
7,10000000,11490656,198,2.934053,147332,147252.013157,79.986843,79.986843,383.734300,3389.787014,50187.245256
7,10000000,11721023,198,2.934053,149898,149806.321038,91.678962,91.678962,387.048215,3423.597961,51057.818590
7,10000000,11956008,198,2.934053,152465,152405.486122,59.513878,59.513878,390.391452,3457.746087,51943.680404
7,10000000,12195705,198,2.934053,155082,155050.319752,31.680248,31.680248,393.764295,3492.234958,52845.107225
7,10000000,12440206,198,2.934053,157852,157741.604957,110.395043,110.395043,397.166974,3527.067621,53762.365928
7,10000000,12689610,198,2.934053,160611,160480.195522,130.804478,130.804478,400.599795,3562.247886,54695.747506
7,10000000,12944014,198,2.934053,163358,163266.916686,91.083314,91.083314,404.063011,3597.779037,55645.533220
7,10000000,13203518,198,2.934053,166153,166102.620080,50.379920,50.379920,407.556892,3633.664541,56612.013329
7,10000000,13468224,198,2.934053,169067,168988.172541,78.827459,78.827459,411.081710,3669.907901,57595.483273
7,10000000,13738238,198,2.934053,172016,171924.477676,91.522324,91.522324,414.637767,3706.512916,58596.251023
7,10000000,14013665,198,2.934053,175016,174912.421262,103.578738,103.578738,418.225324,3743.483004,59614.618476
7,10000000,14294613,198,2.934053,178075,177952.914723,122.085277,122.085277,421.844657,3780.821736,60650.896268
7,10000000,14581195,198,2.934053,181203,181046.916414,156.083586,156.083586,425.496083,3818.533095,61705.411030
7,10000000,14873521,198,2.934053,184338,184195.345016,142.654984,142.654984,429.179852,3856.620412,62778.475873
7,10000000,15171708,198,2.934053,187551,187399.187356,151.812644,151.812644,432.896278,3895.087676,63870.427133
7,10000000,15475874,198,2.934053,190769,190659.433382,109.566618,109.566618,436.645661,3933.938739,64981.602209
7,10000000,15786137,198,2.934053,194077,193977.065466,99.934534,99.934534,440.428275,3973.177192,66112.335919
7,10000000,16102620,198,2.934053,197465,197353.111797,111.888203,111.888203,444.244428,4012.806998,67262.978695
7,10000000,16425449,198,2.934053,200945,200788.624602,156.375398,156.375398,448.094437,4052.832220,68433.889163
7,10000000,16754749,198,2.934053,204494,204284.637467,209.362533,209.362533,451.978581,4093.256528,69625.419597
7,10000000,17090652,198,2.934053,208065,207842.250219,222.749781,222.749781,455.897193,4134.084179,70837.944844
7,10000000,17433288,198,2.934053,211703,211462.533182,240.466818,240.466818,459.850555,4175.318910,72071.829700
7,10000000,17782794,198,2.934053,215333,215146.622313,186.377687,186.377687,463.839005,4216.965022,73327.461326
8,100000000,100000000,2,1.320324,440312,440367.794227,-55.794227,55.794227,663.602135,10000.000000,333530.191884
8,100000000,102004819,2,1.320324,448032,448160.260469,-128.260469,128.260469,669.447728,10099.743512,339432.128390
8,100000000,104049831,2,1.320324,455999,456091.857656,-92.857656,92.857656,675.345732,10200.481900,345439.441291
8,100000000,106135842,2,1.320324,464179,464165.089381,13.910619,13.910619,681.296624,10302.225099,351554.026785
8,100000000,108263673,2,1.320324,472389,472382.500089,6.499911,6.499911,687.300880,10404.983085,357777.812007
8,100000000,110434164,2,1.320324,480825,480746.690099,78.309901,78.309901,693.358991,10508.766055,364112.766415
8,100000000,112648169,2,1.320324,489290,489260.295868,29.704132,29.704132,699.471440,10613.584173,370560.886834
8,100000000,114906561,2,1.320324,497901,497926.008834,-25.008834,25.008834,705.638724,10719.447794,377124.211732
8,100000000,117210230,2,1.320324,506786,506746.567245,39.432755,39.432755,711.861340,10826.367350,383804.815032
8,100000000,119560083,2,1.320324,515718,515724.755730,-6.755730,6.755730,718.139788,10934.353342,390604.805784
8,100000000,121957046,2,1.320324,524785,524863.412490,-78.412490,78.412490,724.474577,11043.416410,397526.333613
8,100000000,124402064,2,1.320324,534108,534165.428802,-57.428802,57.428802,730.866218,11153.567322,404571.588344
8,100000000,126896100,2,1.320324,543518,543633.744728,-115.744728,115.744728,737.315228,11264.816909,411742.796750
8,100000000,129440137,2,1.320324,553228,553271.356246,-43.356246,43.356246,743.822127,11377.176143,419042.227955
8,100000000,132035178,2,1.320324,563083,563081.314726,1.685274,1.685274,750.387443,11490.656117,426472.193036
8,100000000,134682244,2,1.320324,572998,573066.718882,-68.718882,68.718882,757.011703,11605.267942,434035.038930
8,100000000,137382380,2,1.320324,583240,583230.736915,9.263085,9.263085,763.695448,11721.022993,441733.165199
8,100000000,140136648,2,1.320324,593687,593576.579586,110.420414,110.420414,770.439212,11837.932590,449569.003642
8,100000000,142946134,2,1.320324,604106,604107.526059,-1.526059,1.526059,777.243544,11956.008280,457545.037866
8,100000000,145811945,2,1.320324,614853,614826.912048,26.087952,26.087952,784.108992,12075.261695,465663.794307
8,100000000,148735211,2,1.320324,625735,625738.136766,-3.136766,3.136766,791.036116,12195.704613,473927.847496
8,100000000,151717083,2,1.320324,636730,636844.654897,-114.654897,114.654897,798.025473,12317.348862,482339.813974
8,100000000,154758735,2,1.320324,647945,648149.983521,-204.983521,204.983521,805.077626,12440.206389,490902.357545
8,100000000,157861368,2,1.320324,659567,659657.716369,-90.716369,90.716369,812.193152,12564.289395,499618.200065
8,100000000,161026203,2,1.320324,671237,671371.497230,-134.497230,134.497230,819.372624,12689.610041,508490.101301
8,100000000,164254487,2,1.320324,682972,683295.041643,-323.041643,323.041643,826.616623,12816.180671,517520.875368
8,100000000,167547492,2,1.320324,695070,695432.132569,-362.132569,362.132569,833.925736,12944.013752,526713.387442
8,100000000,170906516,2,1.320324,707398,707786.623441,-388.623441,388.623441,841.300555,13073.121892,536070.556075
8,100000000,174332882,2,1.320324,719929,720362.433866,-433.433866,433.433866,848.741677,13203.517789,545595.349938
8,100000000,177827941,2,1.320324,732742,733163.560001,-421.560001,421.560001,856.249707,13335.214321,555290.795682
8,100000000,100000000,6,2.640647,879908,880735.588455,-827.588455,827.588455,938.475140,10000.000000,333530.191884
8,100000000,102004819,6,2.640647,895487,896320.520938,-833.520938,833.520938,946.742056,10099.743512,339432.128390
8,100000000,104049831,6,2.640647,911432,912183.715312,-751.715312,751.715312,955.083093,10200.481900,345439.441291
8,100000000,106135842,6,2.640647,927591,928330.178762,-739.178762,739.178762,963.498925,10302.225099,351554.026785
8,100000000,108263673,6,2.640647,944165,944765.000177,-600.000177,600.000177,971.990226,10404.983085,357777.812007
8,100000000,110434164,6,2.640647,960869,961493.380198,-624.380198,624.380198,980.557688,10508.766055,364112.766415
8,100000000,112648169,6,2.640647,977903,978520.591737,-617.591737,617.591737,989.201997,10613.584173,370560.886834
8,100000000,114906561,6,2.640647,995175,995852.017668,-677.017668,677.017668,997.923854,10719.447794,377124.211732
8,100000000,117210230,6,2.640647,1012810,1013493.134490,-683.134490,683.134490,1006.723961,10826.367350,383804.815032
8,100000000,119560083,6,2.640647,1030767,1031449.511459,-682.511459,682.511459,1015.603028,10934.353342,390604.805784
8,100000000,121957046,6,2.640647,1048978,1049726.824980,-748.824980,748.824980,1024.561772,11043.416410,397526.333613
8,100000000,124402064,6,2.640647,1067759,1068330.857604,-571.857604,571.857604,1033.600918,11153.567322,404571.588344
8,100000000,126896100,6,2.640647,1086702,1087267.489457,-565.489457,565.489457,1042.721194,11264.816909,411742.796750
8,100000000,129440137,6,2.640647,1106067,1106542.712492,-475.712492,475.712492,1051.923340,11377.176143,419042.227955
8,100000000,132035178,6,2.640647,1125645,1126162.629452,-517.629452,517.629452,1061.208099,11490.656117,426472.193036
8,100000000,134682244,6,2.640647,1145497,1146133.437764,-636.437764,636.437764,1070.576218,11605.267942,434035.038930
8,100000000,137382380,6,2.640647,1165863,1166461.473830,-598.473830,598.473830,1080.028460,11721.022993,441733.165199
8,100000000,140136648,6,2.640647,1186421,1187153.159172,-732.159172,732.159172,1089.565583,11837.932590,449569.003642
8,100000000,142946134,6,2.640647,1207595,1208215.052117,-620.052117,620.052117,1099.188361,11956.008280,457545.037866
8,100000000,145811945,6,2.640647,1228965,1229653.824096,-688.824096,688.824096,1108.897572,12075.261695,465663.794307
8,100000000,148735211,6,2.640647,1250957,1251476.273533,-519.273533,519.273533,1118.694004,12195.704613,473927.847496
8,100000000,151717083,6,2.640647,1272790,1273689.309794,-899.309794,899.309794,1128.578446,12317.348862,482339.813974
8,100000000,154758735,6,2.640647,1295422,1296299.967041,-877.967041,877.967041,1138.551697,12440.206389,490902.357545
8,100000000,157861368,6,2.640647,1318272,1319315.432739,-1043.432739,1043.432739,1148.614571,12564.289395,499618.200065
8,100000000,161026203,6,2.640647,1341565,1342742.994459,-1177.994459,1177.994459,1158.767878,12689.610041,508490.101301
8,100000000,164254487,6,2.640647,1365360,1366590.083287,-1230.083287,1230.083287,1169.012439,12816.180671,517520.875368
8,100000000,167547492,6,2.640647,1389792,1390864.265137,-1072.265137,1072.265137,1179.349085,12944.013752,526713.387442
8,100000000,170906516,6,2.640647,1414622,1415573.246882,-951.246882,951.246882,1189.778655,13073.121892,536070.556075
8,100000000,174332882,6,2.640647,1439822,1440724.867732,-902.867732,902.867732,1200.301990,13203.517789,545595.349938
8,100000000,177827941,6,2.640647,1465647,1466327.120003,-680.120003,680.120003,1210.919948,13335.214321,555290.795682
8,100000000,100000000,14,1.584388,528095,528441.353073,-346.353073,346.353073,726.939718,10000.000000,333530.191884
8,100000000,102004819,14,1.584388,537345,537792.312563,-447.312563,447.312563,733.343243,10099.743512,339432.128390
8,100000000,104049831,14,1.584388,546966,547310.229187,-344.229187,344.229187,739.804183,10200.481900,345439.441291
8,100000000,106135842,14,1.584388,556669,556998.107257,-329.107257,329.107257,746.323058,10302.225099,351554.026785
8,100000000,108263673,14,1.584388,566588,566859.000106,-271.000106,271.000106,752.900392,10404.983085,357777.812007
8,100000000,110434164,14,1.584388,576595,576896.028119,-301.028119,301.028119,759.536719,10508.766055,364112.766415
8,100000000,112648169,14,1.584388,586900,587112.355042,-212.355042,212.355042,766.232572,10613.584173,370560.886834
8,100000000,114906561,14,1.584388,597363,597511.210601,-148.210601,148.210601,772.988493,10719.447794,377124.211732
8,100000000,117210230,14,1.584388,607889,608095.880694,-206.880694,206.880694,779.805027,10826.367350,383804.815032
8,100000000,119560083,14,1.584388,618758,618869.706875,-111.706875,111.706875,786.682723,10934.353342,390604.805784
8,100000000,121957046,14,1.584388,629723,629836.094988,-113.094988,113.094988,793.622136,11043.416410,397526.333613
8,100000000,124402064,14,1.584388,641024,640998.514562,25.485438,25.485438,800.623828,11153.567322,404571.588344
8,100000000,126896100,14,1.584388,652332,652360.493674,-28.493674,28.493674,807.688364,11264.816909,411742.796750
8,100000000,129440137,14,1.584388,663915,663925.627495,-10.627495,10.627495,814.816315,11377.176143,419042.227955
8,100000000,132035178,14,1.584388,675824,675697.577671,126.422329,126.422329,822.008259,11490.656117,426472.193036
8,100000000,134682244,14,1.584388,687718,687680.062658,37.937342,37.937342,829.264772,11605.267942,434035.038930
8,100000000,137382380,14,1.584388,699896,699876.884298,19.115702,19.115702,836.586448,11721.022993,441733.165199
8,100000000,140136648,14,1.584388,712483,712291.895503,191.104497,191.104497,843.973871,11837.932590,449569.003642
8,100000000,142946134,14,1.584388,725107,724929.031270,177.968730,177.968730,851.427643,11956.008280,457545.037866
8,100000000,145811945,14,1.584388,738055,737792.294457,262.705543,262.705543,858.948365,12075.261695,465663.794307
8,100000000,148735211,14,1.584388,751008,750885.764120,122.235880,122.235880,866.536649,12195.704613,473927.847496
8,100000000,151717083,14,1.584388,764307,764213.585876,93.414124,93.414124,874.193106,12317.348862,482339.813974
8,100000000,154758735,14,1.584388,777900,777779.980225,120.019775,120.019775,881.918352,12440.206389,490902.357545
8,100000000,157861368,14,1.584388,791716,791589.259643,126.740357,126.740357,889.713021,12564.289395,499618.200065
8,100000000,161026203,14,1.584388,805907,805645.796676,261.203324,261.203324,897.577739,12689.610041,508490.101301
8,100000000,164254487,14,1.584388,820183,819954.049972,228.950028,228.950028,905.513142,12816.180671,517520.875368
8,100000000,167547492,14,1.584388,834716,834518.559082,197.440918,197.440918,913.519873,12944.013752,526713.387442
8,100000000,170906516,14,1.584388,849679,849343.948129,335.051871,335.051871,921.598583,13073.121892,536070.556075
8,100000000,174332882,14,1.584388,864801,864434.920639,366.079361,366.079361,929.749924,13203.517789,545595.349938
8,100000000,177827941,14,1.584388,880157,879796.272002,360.727998,360.727998,937.974558,13335.214321,555290.795682
8,100000000,100000000,22,1.467026,489085,489297.549141,-212.549141,212.549141,699.498069,10000.000000,333530.191884
8,100000000,102004819,22,1.467026,497887,497955.844966,-68.844966,68.844966,705.659865,10099.743512,339432.128390
8,100000000,104049831,22,1.467026,506665,506768.730729,-103.730729,103.730729,711.876907,10200.481900,345439.441291
8,100000000,106135842,22,1.467026,515619,515738.988201,-119.988201,119.988201,718.149698,10302.225099,351554.026785
8,100000000,108263673,22,1.467026,524681,524869.444543,-188.444543,188.444543,724.478740,10404.983085,357777.812007
8,100000000,110434164,22,1.467026,533937,534162.988999,-225.988999,225.988999,730.864549,10508.766055,364112.766415
8,100000000,112648169,22,1.467026,543456,543622.550965,-166.550965,166.550965,737.307637,10613.584173,370560.886834
8,100000000,114906561,22,1.467026,553037,553251.120927,-214.120927,214.120927,743.808524,10719.447794,377124.211732
8,100000000,117210230,22,1.467026,562915,563051.741383,-136.741383,136.741383,750.367737,10826.367350,383804.815032
8,100000000,119560083,22,1.467026,572902,573027.506366,-125.506366,125.506366,756.985803,10934.353342,390604.805784
8,100000000,121957046,22,1.467026,583042,583181.569434,-139.569434,139.569434,763.663257,11043.416410,397526.333613
8,100000000,124402064,22,1.467026,593347,593517.143113,-170.143113,170.143113,770.400638,11153.567322,404571.588344
8,100000000,126896100,22,1.467026,603890,604037.494143,-147.494143,147.494143,777.198491,11264.816909,411742.796750
8,100000000,129440137,22,1.467026,614589,614745.951385,-156.951385,156.951385,784.057365,11377.176143,419042.227955
8,100000000,132035178,22,1.467026,625430,625645.905251,-215.905251,215.905251,790.977816,11490.656117,426472.193036
8,100000000,134682244,22,1.467026,636536,636740.798758,-204.798758,204.798758,797.960399,11605.267942,434035.038930
8,100000000,137382380,22,1.467026,647821,648034.152128,-213.152128,213.152128,805.005685,11721.022993,441733.165199
8,100000000,140136648,22,1.467026,659278,659529.532874,-251.532874,251.532874,812.114236,11837.932590,449569.003642
8,100000000,142946134,22,1.467026,671095,671230.584509,-135.584509,135.584509,819.286631,11956.008280,457545.037866
8,100000000,145811945,22,1.467026,683005,683141.013386,-136.013386,136.013386,826.523450,12075.261695,465663.794307
8,100000000,148735211,22,1.467026,695071,695264.596407,-193.596407,193.596407,833.825279,12195.704613,473927.847496
8,100000000,151717083,22,1.467026,707367,707605.172108,-238.172108,238.172108,841.192708,12317.348862,482339.813974
8,100000000,154758735,22,1.467026,719822,720166.648356,-344.648356,344.648356,848.626330,12440.206389,490902.357545
8,100000000,157861368,22,1.467026,732658,732953.018188,-295.018188,295.018188,856.126754,12564.289395,499618.200065
8,100000000,161026203,22,1.467026,745731,745968.330255,-237.330255,237.330255,863.694582,12689.610041,508490.101301
8,100000000,164254487,22,1.467026,758891,759216.712937,-325.712937,325.712937,871.330427,12816.180671,517520.875368
8,100000000,167547492,22,1.467026,772313,772702.369521,-389.369521,389.369521,879.034908,12944.013752,526713.387442
8,100000000,170906516,22,1.467026,786104,786429.581601,-325.581601,325.581601,886.808650,13073.121892,536070.556075
8,100000000,174332882,22,1.467026,800102,800402.704296,-300.704296,300.704296,894.652281,13203.517789,545595.349938
8,100000000,177827941,22,1.467026,814495,814626.177779,-131.177779,131.177779,902.566440,13335.214321,555290.795682
8,100000000,100000000,30,3.520863,1173934,1174314.117939,-380.117939,380.117939,1083.657749,10000.000000,333530.191884
8,100000000,102004819,30,3.520863,1194717,1195094.027917,-377.027917,377.027917,1093.203562,10099.743512,339432.128390
8,100000000,104049831,30,3.520863,1216055,1216244.953749,-189.953749,189.953749,1102.834962,10200.481900,345439.441291
8,100000000,106135842,30,3.520863,1237632,1237773.571682,-141.571682,141.571682,1112.552728,10302.225099,351554.026785
8,100000000,108263673,30,3.520863,1259793,1259686.666903,106.333097,106.333097,1122.357638,10404.983085,357777.812007
8,100000000,110434164,30,3.520863,1282218,1281991.173597,226.826403,226.826403,1132.250491,10508.766055,364112.766415
8,100000000,112648169,30,3.520863,1304952,1304694.122316,257.877684,257.877684,1142.232079,10613.584173,370560.886834
8,100000000,114906561,30,3.520863,1327964,1327802.690224,161.309776,161.309776,1152.303211,10719.447794,377124.211732
8,100000000,117210230,30,3.520863,1351476,1351324.179319,151.820681,151.820681,1162.464700,10826.367350,383804.815032
8,100000000,119560083,30,3.520863,1375300,1375266.015279,33.984721,33.984721,1172.717364,10934.353342,390604.805784
8,100000000,121957046,30,3.520863,1399721,1399635.766640,85.233360,85.233360,1183.062030,11043.416410,397526.333613
8,100000000,124402064,30,3.520863,1424515,1424441.143472,73.856528,73.856528,1193.499536,11153.567322,404571.588344
8,100000000,126896100,30,3.520863,1449795,1449689.985942,105.014058,105.014058,1204.030725,11264.816909,411742.796750
8,100000000,129440137,30,3.520863,1475404,1475390.283323,13.716677,13.716677,1214.656447,11377.176143,419042.227955
8,100000000,132035178,30,3.520863,1501443,1501550.172602,-107.172602,107.172602,1225.377563,11490.656117,426472.193036
8,100000000,134682244,30,3.520863,1527711,1528177.917019,-466.917019,466.917019,1236.194935,11605.267942,434035.038930
8,100000000,137382380,30,3.520863,1554687,1555281.965107,-594.965107,594.965107,1247.109444,11721.022993,441733.165199
8,100000000,140136648,30,3.520863,1582267,1582870.878897,-603.878897,603.878897,1258.121965,11837.932590,449569.003642
8,100000000,142946134,30,3.520863,1610540,1610953.402823,-413.402823,413.402823,1269.233392,11956.008280,457545.037866
8,100000000,145811945,30,3.520863,1639135,1639538.432128,-403.432128,403.432128,1280.444623,12075.261695,465663.794307
8,100000000,148735211,30,3.520863,1668002,1668635.031377,-633.031377,633.031377,1291.756568,12195.704613,473927.847496
8,100000000,151717083,30,3.520863,1697395,1698252.413058,-857.413058,857.413058,1303.170140,12317.348862,482339.813974
8,100000000,154758735,30,3.520863,1727469,1728399.956055,-930.956055,930.956055,1314.686258,12440.206389,490902.357545
8,100000000,157861368,30,3.520863,1758454,1759087.243652,-633.243652,633.243652,1326.305864,12564.289395,499618.200065
8,100000000,161026203,30,3.520863,1789518,1790323.992612,-805.992612,805.992612,1338.029892,12689.610041,508490.101301
8,100000000,164254487,30,3.520863,1821253,1822120.111049,-867.111049,867.111049,1349.859293,12816.180671,517520.875368
8,100000000,167547492,30,3.520863,1853494,1854485.686850,-991.686850,991.686850,1361.795024,12944.013752,526713.387442
8,100000000,170906516,30,3.520863,1886486,1887430.995843,-944.995843,944.995843,1373.838053,13073.121892,536070.556075
8,100000000,174332882,30,3.520863,1920145,1920966.490309,-821.490309,821.490309,1385.989354,13203.517789,545595.349938
8,100000000,177827941,30,3.520863,1954321,1955102.826671,-781.826671,781.826671,1398.249916,13335.214321,555290.795682
8,100000000,100000000,42,3.168777,1056727,1056882.706146,-155.706146,155.706146,1028.048008,10000.000000,333530.191884
8,100000000,102004819,42,3.168777,1075285,1075584.625126,-299.625126,299.625126,1037.103961,10099.743512,339432.128390
8,100000000,104049831,42,3.168777,1094377,1094620.458374,-243.458374,243.458374,1046.241109,10200.481900,345439.441291
8,100000000,106135842,42,3.168777,1113602,1113996.214514,-394.214514,394.214514,1055.460191,10302.225099,351554.026785
8,100000000,108263673,42,3.168777,1133416,1133718.000213,-302.000213,302.000213,1064.761945,10404.983085,357777.812007
8,100000000,110434164,42,3.168777,1153393,1153792.056237,-399.056237,399.056237,1074.147130,10508.766055,364112.766415
8,100000000,112648169,42,3.168777,1173852,1174224.710084,-372.710084,372.710084,1083.616496,10613.584173,370560.886834
8,100000000,114906561,42,3.168777,1194591,1195022.421202,-431.421202,431.421202,1093.170811,10719.447794,377124.211732
8,100000000,117210230,42,3.168777,1215620,1216191.761387,-571.761387,571.761387,1102.810846,10826.367350,383804.815032
8,100000000,119560083,42,3.168777,1237043,1237739.413751,-696.413751,696.413751,1112.537376,10934.353342,390604.805784
8,100000000,121957046,42,3.168777,1258939,1259672.189976,-733.189976,733.189976,1122.351188,11043.416410,397526.333613
8,100000000,124402064,42,3.168777,1281471,1281997.029124,-526.029124,526.029124,1132.253076,11153.567322,404571.588344
8,100000000,126896100,42,3.168777,1304161,1304720.987348,-559.987348,559.987348,1142.243839,11264.816909,411742.796750
8,100000000,129440137,42,3.168777,1327303,1327851.254991,-548.254991,548.254991,1152.324284,11377.176143,419042.227955
8,100000000,132035178,42,3.168777,1350684,1351395.155342,-711.155342,711.155342,1162.495228,11490.656117,426472.193036
8,100000000,134682244,42,3.168777,1374418,1375360.125317,-942.125317,942.125317,1172.757488,11605.267942,434035.038930
8,100000000,137382380,42,3.168777,1399111,1399753.768596,-642.768596,642.768596,1183.111900,11721.022993,441733.165199
8,100000000,140136648,42,3.168777,1423959,1424583.791007,-624.791007,624.791007,1193.559295,11837.932590,449569.003642
8,100000000,142946134,42,3.168777,1449239,1449858.062540,-619.062540,619.062540,1204.100520,11956.008280,457545.037866
8,100000000,145811945,42,3.168777,1474874,1475584.588915,-710.588915,710.588915,1214.736428,12075.261695,465663.794307
8,100000000,148735211,42,3.168777,1501098,1501771.528239,-673.528239,673.528239,1225.467881,12195.704613,473927.847496
8,100000000,151717083,42,3.168777,1527789,1528427.171752,-638.171752,638.171752,1236.295746,12317.348862,482339.813974
8,100000000,154758735,42,3.168777,1554985,1555559.960449,-574.960449,574.960449,1247.220895,12440.206389,490902.357545
8,100000000,157861368,42,3.168777,1582532,1583178.519287,-646.519287,646.519287,1258.244221,12564.289395,499618.200065
8,100000000,161026203,42,3.168777,1610541,1611291.593351,-750.593351,750.593351,1269.366611,12689.610041,508490.101301
8,100000000,164254487,42,3.168777,1639277,1639908.099944,-631.099944,631.099944,1280.588966,12816.180671,517520.875368
8,100000000,167547492,42,3.168777,1668347,1669037.118165,-690.118165,690.118165,1291.912194,12944.013752,526713.387442
8,100000000,170906516,42,3.168777,1697986,1698687.896259,-701.896259,701.896259,1303.337215,13073.121892,536070.556075
8,100000000,174332882,42,3.168777,1728576,1728869.841278,-293.841278,293.841278,1314.864952,13203.517789,545595.349938
8,100000000,177827941,42,3.168777,1759109,1759592.544004,-483.544004,483.544004,1326.496341,13335.214321,555290.795682
8,100000000,100000000,90,3.520863,1174410,1174314.117939,95.882061,95.882061,1083.657749,10000.000000,333530.191884
8,100000000,102004819,90,3.520863,1195283,1195094.027917,188.972083,188.972083,1093.203562,10099.743512,339432.128390
8,100000000,104049831,90,3.520863,1216485,1216244.953749,240.046251,240.046251,1102.834962,10200.481900,345439.441291
8,100000000,106135842,90,3.520863,1238010,1237773.571682,236.428318,236.428318,1112.552728,10302.225099,351554.026785
8,100000000,108263673,90,3.520863,1259868,1259686.666903,181.333097,181.333097,1122.357638,10404.983085,357777.812007
8,100000000,110434164,90,3.520863,1282258,1281991.173597,266.826403,266.826403,1132.250491,10508.766055,364112.766415
8,100000000,112648169,90,3.520863,1305113,1304694.122316,418.877684,418.877684,1142.232079,10613.584173,370560.886834
8,100000000,114906561,90,3.520863,1328172,1327802.690224,369.309776,369.309776,1152.303211,10719.447794,377124.211732
8,100000000,117210230,90,3.520863,1351515,1351324.179319,190.820681,190.820681,1162.464700,10826.367350,383804.815032
8,100000000,119560083,90,3.520863,1375296,1375266.015279,29.984721,29.984721,1172.717364,10934.353342,390604.805784
8,100000000,121957046,90,3.520863,1399837,1399635.766640,201.233360,201.233360,1183.062030,11043.416410,397526.333613
8,100000000,124402064,90,3.520863,1424640,1424441.143472,198.856528,198.856528,1193.499536,11153.567322,404571.588344
8,100000000,126896100,90,3.520863,1449862,1449689.985942,172.014058,172.014058,1204.030725,11264.816909,411742.796750
8,100000000,129440137,90,3.520863,1475473,1475390.283323,82.716677,82.716677,1214.656447,11377.176143,419042.227955
8,100000000,132035178,90,3.520863,1501497,1501550.172602,-53.172602,53.172602,1225.377563,11490.656117,426472.193036
8,100000000,134682244,90,3.520863,1528158,1528177.917019,-19.917019,19.917019,1236.194935,11605.267942,434035.038930
8,100000000,137382380,90,3.520863,1555342,1555281.965107,60.034893,60.034893,1247.109444,11721.022993,441733.165199
8,100000000,140136648,90,3.520863,1582947,1582870.878897,76.121103,76.121103,1258.121965,11837.932590,449569.003642
8,100000000,142946134,90,3.520863,1611047,1610953.402823,93.597177,93.597177,1269.233392,11956.008280,457545.037866
8,100000000,145811945,90,3.520863,1639725,1639538.432128,186.567872,186.567872,1280.444623,12075.261695,465663.794307
8,100000000,148735211,90,3.520863,1668711,1668635.031377,75.968623,75.968623,1291.756568,12195.704613,473927.847496
8,100000000,151717083,90,3.520863,1698510,1698252.413058,257.586942,257.586942,1303.170140,12317.348862,482339.813974
8,100000000,154758735,90,3.520863,1728675,1728399.956055,275.043945,275.043945,1314.686258,12440.206389,490902.357545
8,100000000,157861368,90,3.520863,1759188,1759087.243652,100.756348,100.756348,1326.305864,12564.289395,499618.200065
8,100000000,161026203,90,3.520863,1790460,1790323.992612,136.007388,136.007388,1338.029892,12689.610041,508490.101301
8,100000000,164254487,90,3.520863,1822251,1822120.111049,130.888951,130.888951,1349.859293,12816.180671,517520.875368
8,100000000,167547492,90,3.520863,1854572,1854485.686850,86.313150,86.313150,1361.795024,12944.013752,526713.387442
8,100000000,170906516,90,3.520863,1887518,1887430.995843,87.004157,87.004157,1373.838053,13073.121892,536070.556075
8,100000000,174332882,90,3.520863,1921146,1920966.490309,179.509691,179.509691,1385.989354,13203.517789,545595.349938
8,100000000,177827941,90,3.520863,1955211,1955102.826671,108.173329,108.173329,1398.249916,13335.214321,555290.795682
8,100000000,100000000,198,2.934053,978879,978595.098283,283.901717,283.901717,989.239657,10000.000000,333530.191884
8,100000000,102004819,198,2.934053,996097,995911.689931,185.310069,185.310069,997.953751,10099.743512,339432.128390
8,100000000,104049831,198,2.934053,1013786,1013537.461458,248.538542,248.538542,1006.745977,10200.481900,345439.441291
8,100000000,106135842,198,2.934053,1031634,1031477.976402,156.023598,156.023598,1015.617042,10302.225099,351554.026785
8,100000000,108263673,198,2.934053,1049909,1049738.889086,170.110914,170.110914,1024.567660,10404.983085,357777.812007
8,100000000,110434164,198,2.934053,1068668,1068325.977998,342.022002,342.022002,1033.598557,10508.766055,364112.766415
8,100000000,112648169,198,2.934053,1087587,1087245.101930,341.898070,341.898070,1042.710459,10613.584173,370560.886834
8,100000000,114906561,198,2.934053,1106954,1106502.241853,451.758147,451.758147,1051.904103,10719.447794,377124.211732
8,100000000,117210230,198,2.934053,1126580,1126103.482766,476.517234,476.517234,1061.180231,10826.367350,383804.815032
8,100000000,119560083,198,2.934053,1146360,1146055.012732,304.987268,304.987268,1070.539590,10934.353342,390604.805784
8,100000000,121957046,198,2.934053,1166749,1166363.138867,385.861133,385.861133,1079.982935,11043.416410,397526.333613
8,100000000,124402064,198,2.934053,1187415,1187034.286226,380.713774,380.713774,1089.511031,11153.567322,404571.588344
8,100000000,126896100,198,2.934053,1208416,1208074.988285,341.011715,341.011715,1099.124646,11264.816909,411742.796750
8,100000000,129440137,198,2.934053,1229943,1229491.902769,451.097231,451.097231,1108.824559,11377.176143,419042.227955
8,100000000,132035178,198,2.934053,1251705,1251291.810502,413.189498,413.189498,1118.611555,11490.656117,426472.193036
8,100000000,134682244,198,2.934053,1273920,1273481.597516,438.402484,438.402484,1128.486419,11605.267942,434035.038930
8,100000000,137382380,198,2.934053,1296618,1296068.304256,549.695744,549.695744,1138.449957,11721.022993,441733.165199
8,100000000,140136648,198,2.934053,1319639,1319059.065747,579.934253,579.934253,1148.502967,11837.932590,449569.003642
8,100000000,142946134,198,2.934053,1343004,1342461.169019,542.830981,542.830981,1158.646266,11956.008280,457545.037866
8,100000000,145811945,198,2.934053,1366808,1366282.026773,525.973227,525.973227,1168.880673,12075.261695,465663.794307
8,100000000,148735211,198,2.934053,1391000,1390529.192814,470.807186,470.807186,1179.207019,12195.704613,473927.847496
8,100000000,151717083,198,2.934053,1415797,1415210.344215,586.655785,586.655785,1189.626136,12317.348862,482339.813974
8,100000000,154758735,198,2.934053,1440965,1440333.296712,631.703288,631.703288,1200.138866,12440.206389,490902.357545
8,100000000,157861368,198,2.934053,1466617,1465906.036377,710.963623,710.963623,1210.746066,12564.289395,499618.200065
8,100000000,161026203,198,2.934053,1492804,1491936.660510,867.339490,867.339490,1221.448591,12689.610041,508490.101301
8,100000000,164254487,198,2.934053,1519210,1518433.425874,776.574126,776.574126,1232.247307,12816.180671,517520.875368
8,100000000,167547492,198,2.934053,1546077,1545404.739042,672.260958,672.260958,1243.143089,12944.013752,526713.387442
8,100000000,170906516,198,2.934053,1573588,1572859.163202,728.836798,728.836798,1254.136820,13073.121892,536070.556075
8,100000000,174332882,198,2.934053,1601638,1600805.408591,832.591409,832.591409,1265.229390,13203.517789,545595.349938
8,100000000,177827941,198,2.934053,1630178,1629252.355559,925.644441,925.644441,1276.421700,13335.214321,555290.795682
