anchor_log10,x_anchor,x,pi_x,R_x,policy,K,pi_K,err,abs_err,sigma_pred,ratio_emp_over_pred
7,10000000,10404983,689699,689758.148384,K=1,1,689736.291777,37.291777,37.291777,inf,nan
7,10000000,10404983,689699,689758.148384,logx,16,689692.711922,-6.288078,6.288078,31.145777,0.201892
7,10000000,10404983,689699,689758.148384,log2x,261,689685.747846,-13.252154,13.252154,15.476801,0.856259
7,10000000,10404983,689699,689758.148384,log3x,4218,689695.436659,-3.563341,3.563341,5.775065,0.617022
7,10000000,10404983,689699,689758.148384,Kmax,8000,689698.012669,-0.987331,0.987331,4.514950,0.218680
7,10000000,10826367,715776,715801.064141,K=1,1,715791.647008,15.647008,15.647008,inf,nan
7,10000000,10826367,715776,715801.064141,logx,16,715806.314503,30.314503,30.314503,31.692325,0.956525
7,10000000,10826367,715776,715801.064141,log2x,262,715777.188959,1.188959,1.188959,15.729108,0.075590
7,10000000,10826367,715776,715801.064141,log3x,4250,715772.611779,-3.388221,3.388221,5.859542,0.578240
7,10000000,10826367,715776,715801.064141,Kmax,8000,715775.640584,-0.359416,0.359416,4.594179,0.078233
7,10000000,11264817,742850,742832.467457,K=1,1,742839.031769,-10.968231,10.968231,inf,nan
7,10000000,11264817,742850,742832.467457,logx,16,742830.472399,-19.527601,19.527601,32.248659,0.605532
7,10000000,11264817,742850,742832.467457,log2x,264,742845.753407,-4.246593,4.246593,15.966254,0.265973
7,10000000,11264817,742850,742832.467457,log3x,4281,742853.283200,3.283200,3.283200,5.945943,0.552175
7,10000000,11264817,742850,742832.467457,Kmax,8000,742860.231975,10.231975,10.231975,4.674826,2.188739
7,10000000,11721023,770915,770889.971770,K=1,1,770911.197534,-3.802466,3.802466,inf,nan
7,10000000,11721023,770915,770889.971770,logx,16,770909.884904,-5.115096,5.115096,32.814954,0.155877
7,10000000,11721023,770915,770889.971770,log2x,265,770916.418968,1.418968,1.418968,16.226938,0.087445
7,10000000,11721023,770915,770889.971770,log3x,4312,770923.540753,8.540753,8.540753,6.033769,1.415492
7,10000000,11721023,770915,770889.971770,Kmax,8000,770921.454099,6.454099,6.454099,4.756917,1.356782
7,10000000,12195705,800032,800012.756445,K=1,1,800042.691434,10.691434,10.691434,inf,nan
7,10000000,12195705,800032,800012.756445,logx,16,800051.196463,19.196463,19.196463,33.391392,0.574893
7,10000000,12195705,800032,800012.756445,log2x,266,800032.090978,0.090978,0.090978,16.492044,0.005516
7,10000000,12195705,800032,800012.756445,log3x,4344,800025.738907,-6.261093,6.261093,6.122508,1.022635
7,10000000,12195705,800032,800012.756445,Kmax,8000,800022.370297,-9.629703,9.629703,4.840479,1.989411
7,10000000,12689610,830287,830241.367962,K=1,1,830271.112771,-15.887229,15.887229,inf,nan
7,10000000,12689610,830287,830241.367962,logx,16,830312.832139,25.832139,25.832139,33.978157,0.760257
7,10000000,12689610,830287,830241.367962,log2x,268,830297.778631,10.778631,10.778631,16.741541,0.643825
7,10000000,12689610,830287,830241.367962,log3x,4376,830290.270390,3.270390,3.270390,6.212713,0.526403
7,10000000,12689610,830287,830241.367962,Kmax,8000,830290.696742,3.696742,3.696742,4.925537,0.750526
7,10000000,13203518,861614,861618.072956,K=1,1,861638.447508,24.447508,24.447508,inf,nan
7,10000000,13203518,861614,861618.072956,logx,16,861628.372369,14.372369,14.372369,34.575437,0.415681
7,10000000,13203518,861614,861618.072956,log2x,269,861605.195805,-8.804195,8.804195,17.015463,0.517423
7,10000000,13203518,861614,861618.072956,log3x,4408,861613.529580,-0.470420,0.470420,6.304407,0.074618
7,10000000,13203518,861614,861618.072956,Kmax,8000,861617.931057,3.931057,3.931057,5.012120,0.784310
7,10000000,13738238,894160,894186.597942,K=1,1,894190.991910,30.991910,30.991910,inf,nan
7,10000000,13738238,894160,894186.597942,logx,16,894142.445496,-17.554504,17.554504,35.183422,0.498942
7,10000000,13738238,894160,894186.597942,log2x,270,894168.581904,8.581904,8.581904,17.294036,0.496235
7,10000000,13738238,894160,894186.597942,log3x,4440,894155.642131,-4.357869,4.357869,6.397616,0.681171
7,10000000,13738238,894160,894186.597942,Kmax,8000,894155.840624,-4.159376,4.159376,5.100255,0.815523
7,10000000,14294613,927976,927992.419143,K=1,1,927978.942968,2.942968,2.942968,inf,nan
7,10000000,14294613,927976,927992.419143,logx,16,928005.836355,29.836355,29.836355,35.802306,0.833364
7,10000000,14294613,927976,927992.419143,log2x,271,927956.130337,-19.869663,19.869663,17.577342,1.130413
7,10000000,14294613,927976,927992.419143,log3x,4472,927974.815401,-1.184599,1.184599,6.492365,0.182460
7,10000000,14294613,927976,927992.419143,Kmax,8000,927974.427179,-1.572821,1.572821,5.189969,0.303050
7,10000000,14873521,963109,963082.806121,K=1,1,963055.046272,-53.953728,53.953728,inf,nan
7,10000000,14873521,963109,963082.806121,logx,17,963066.818507,-42.181493,42.181493,36.117345,1.167901
7,10000000,14873521,963109,963082.806121,log2x,273,963106.838669,-2.161331,2.161331,17.844387,0.121121
7,10000000,14873521,963109,963082.806121,log3x,4504,963113.601966,4.601966,4.601966,6.588678,0.698466
7,10000000,14873521,963109,963082.806121,Kmax,8000,963110.226674,1.226674,1.226674,5.281293,0.232268
7,10000000,15475874,999409,999506.744137,K=1,1,999472.837445,63.837445,63.837445,inf,nan
7,10000000,15475874,999409,999506.744137,logx,17,999462.023044,53.023044,53.023044,36.753084,1.442683
7,10000000,15475874,999409,999506.744137,log2x,274,999401.577781,-7.422219,7.422219,18.137133,0.409228
7,10000000,15475874,999409,999506.744137,log3x,4537,999401.206160,-7.793840,7.793840,6.686022,1.165692
7,10000000,15475874,999409,999506.744137,Kmax,8000,999402.668061,-6.331939,6.331939,5.374255,1.178199
7,10000000,16102620,1037283,1037315.038558,K=1,1,1037285.294898,2.294898,2.294898,inf,nan
7,10000000,16102620,1037283,1037315.038558,logx,17,1037273.033500,-9.966500,9.966500,37.400227,0.266482
7,10000000,16102620,1037283,1037315.038558,log2x,275,1037268.565173,-14.434827,14.434827,18.434858,0.783018
7,10000000,16102620,1037283,1037315.038558,log3x,4570,1037277.591178,-5.408822,5.408822,6.784973,0.797177
7,10000000,16102620,1037283,1037315.038558,Kmax,8000,1037279.921894,-3.078106,3.078106,5.468884,0.562840
7,10000000,16754749,1076512,1076560.658367,K=1,1,1076544.422655,32.422655,32.422655,inf,nan
7,10000000,16754749,1076512,1076560.658367,logx,17,1076514.350720,2.350720,2.350720,38.058984,0.061765
7,10000000,16754749,1076512,1076560.658367,log2x,277,1076522.391404,10.391404,10.391404,18.715833,0.555220
7,10000000,16754749,1076512,1076560.658367,log3x,4603,1076512.208212,0.208212,0.208212,6.885561,0.030239
7,10000000,16754749,1076512,1076560.658367,Kmax,8000,1076512.810774,0.810774,0.810774,5.565211,0.145686
7,10000000,17433288,1117340,1117298.415319,K=1,1,1117301.121553,-38.878447,38.878447,inf,nan
7,10000000,17433288,1117340,1117298.415319,logx,17,1117345.580544,5.580544,5.580544,38.729565,0.144090
7,10000000,17433288,1117340,1117298.415319,log2x,278,1117342.939558,2.939558,2.939558,19.023492,0.154523
7,10000000,17433288,1117340,1117298.415319,log3x,4636,1117343.323061,3.323061,3.323061,6.987812,0.475551
7,10000000,17433288,1117340,1117298.415319,Kmax,8000,1117344.198553,4.198553,4.198553,5.663267,0.741366
7,10000000,18139307,1159624,1159585.305908,K=1,1,1159606.649775,-17.350225,17.350225,inf,nan
7,10000000,18139307,1159624,1159585.305908,logx,17,1159644.713878,20.713878,20.713878,39.412184,0.525570
7,10000000,18139307,1159624,1159585.305908,log2x,279,1159604.041278,-19.958722,19.958722,19.336392,1.032184
7,10000000,18139307,1159624,1159585.305908,log3x,4669,1159624.062817,0.062817,0.062817,7.091754,0.008858
7,10000000,18139307,1159624,1159585.305908,Kmax,8000,1159627.198243,3.198243,3.198243,5.763084,0.554953
7,10000000,18873918,1203537,1203480.430888,K=1,1,1203514.270772,-22.729228,22.729228,inf,nan
7,10000000,18873918,1203537,1203480.430888,logx,17,1203500.471657,-36.528343,36.528343,40.107061,0.910771
7,10000000,18873918,1203537,1203480.430888,log2x,281,1203513.574740,-23.425260,23.425260,19.632032,1.193216
7,10000000,18873918,1203537,1203480.430888,log3x,4702,1203537.002081,0.002081,0.002081,7.197414,0.000289
7,10000000,18873918,1203537,1203480.430888,Kmax,8000,1203539.168829,2.168829,2.168829,5.864693,0.369811
7,10000000,19638280,1249022,1249045.273380,K=1,1,1249081.351484,59.351484,59.351484,inf,nan
7,10000000,19638280,1249022,1249045.273380,logx,17,1249061.051781,39.051781,39.051781,40.814418,0.956813
7,10000000,19638280,1249022,1249045.273380,log2x,282,1249000.614689,-21.385311,21.385311,19.955387,1.071656
7,10000000,19638280,1249022,1249045.273380,log3x,4736,1249023.137050,1.137050,1.137050,7.304233,0.155670
7,10000000,19638280,1249022,1249045.273380,Kmax,8000,1249022.713276,0.713276,0.713276,5.968127,0.119514
7,10000000,20433597,1296325,1296343.557435,K=1,1,1296370.567196,45.567196,45.567196,inf,nan
7,10000000,20433597,1296325,1296343.557435,logx,17,1296342.751306,17.751306,17.751306,41.534483,0.427387
7,10000000,20433597,1296325,1296343.557435,log2x,283,1296327.328252,2.328252,2.328252,20.284257,0.114781
7,10000000,20433597,1296325,1296343.557435,log3x,4769,1296320.260327,-4.739673,4.739673,7.413413,0.639338
7,10000000,20433597,1296325,1296343.557435,Kmax,8000,1296325.549510,0.549510,0.549510,6.073419,0.090478
7,10000000,21261123,1345383,1345441.523636,K=1,1,1345450.612480,67.612480,67.612480,inf,nan
7,10000000,21261123,1345383,1345441.523636,logx,17,1345445.025796,62.025796,62.025796,42.267486,1.467459
7,10000000,21261123,1345383,1345441.523636,log2x,285,1345400.909283,17.909283,17.909283,20.595338,0.869579
7,10000000,21261123,1345383,1345441.523636,log3x,4803,1345385.995506,2.995506,2.995506,7.523801,0.398137
7,10000000,21261123,1345383,1345441.523636,Kmax,8000,1345387.218304,4.218304,4.218304,6.180603,0.682507
7,10000000,22122163,1396442,1396407.964543,K=1,1,1396395.592586,-46.407414,46.407414,inf,nan
7,10000000,22122163,1396442,1396407.964543,logx,17,1396404.524935,-37.475065,37.475065,43.013665,0.871236
7,10000000,22122163,1396442,1396407.964543,log2x,286,1396462.342625,20.342625,20.342625,20.935213,0.971694
7,10000000,22122163,1396442,1396407.964543,log3x,4837,1396442.086410,0.086410,0.086410,7.636016,0.011316
7,10000000,22122163,1396442,1396407.964543,Kmax,8000,1396445.528440,3.528440,3.528440,6.289714,0.560986
7,10000000,23018073,1449325,1449314.200884,K=1,1,1449283.439249,-41.560751,41.560751,inf,nan
7,10000000,23018073,1449325,1449314.200884,logx,17,1449290.233358,-34.766642,34.766642,43.773257,0.794244
7,10000000,23018073,1449325,1449314.200884,log2x,287,1449320.954066,-4.045934,4.045934,21.280890,0.190121
7,10000000,23018073,1449325,1449314.200884,log3x,4871,1449328.470734,3.470734,3.470734,7.750088,0.447832
7,10000000,23018073,1449325,1449314.200884,Kmax,8000,1449323.740046,-1.259954,1.259954,6.400786,0.196844
7,10000000,23950266,1504204,1504234.411388,K=1,1,1504194.218603,-9.781397,9.781397,inf,nan
7,10000000,23950266,1504204,1504234.411388,logx,17,1504222.179991,18.179991,18.179991,44.546507,0.408113
7,10000000,23950266,1504204,1504234.411388,log2x,289,1504190.573356,-13.426644,13.426644,21.608230,0.621367
7,10000000,23950266,1504204,1504234.411388,log3x,4906,1504200.042686,-3.957314,3.957314,7.865435,0.503127
7,10000000,23950266,1504204,1504234.411388,Kmax,8000,1504201.269612,-2.730388,2.730388,6.513855,0.419166
7,10000000,24920212,1561240,1561245.605991,K=1,1,1561208.236630,-31.763370,31.763370,inf,nan
7,10000000,24920212,1561240,1561245.605991,logx,17,1561248.884941,8.884941,8.884941,45.333664,0.195990
7,10000000,24920212,1561240,1561245.605991,log2x,290,1561257.565716,17.565716,17.565716,21.965493,0.799696
7,10000000,24920212,1561240,1561245.605991,log3x,4940,1561257.241196,17.241196,17.241196,7.983310,2.159655
7,10000000,24920212,1561240,1561245.605991,Kmax,8000,1561256.632783,16.632783,16.632783,6.628958,2.509110
7,10000000,25929438,1620386,1620427.599668,K=1,1,1620404.888306,18.888306,18.888306,inf,nan
7,10000000,25929438,1620386,1620427.599668,logx,17,1620355.390337,-30.609663,30.609663,46.134981,0.663481
7,10000000,25929438,1620386,1620427.599668,log2x,291,1620388.401090,2.401090,2.401090,22.328861,0.107533
7,10000000,25929438,1620386,1620427.599668,log3x,4975,1620390.194230,4.194230,4.194230,8.102515,0.517645
7,10000000,25929438,1620386,1620427.599668,Kmax,8000,1620386.962537,0.962537,0.962537,6.746131,0.142680
7,10000000,26979536,1681858,1681863.454383,K=1,1,1681863.096171,5.096171,5.096171,inf,nan
7,10000000,26979536,1681858,1681863.454383,logx,17,1681857.416248,-0.583752,0.583752,46.950716,0.012433
7,10000000,26979536,1681858,1681863.454383,log2x,293,1681856.573665,-1.426335,1.426335,22.673320,0.062908
7,10000000,26979536,1681858,1681863.454383,log3x,5010,1681860.595034,2.595034,2.595034,8.223693,0.315556
7,10000000,26979536,1681858,1681863.454383,Kmax,8000,1681859.840984,1.840984,1.840984,6.865413,0.268153
7,10000000,28072162,1745640,1745639.390454,K=1,1,1745662.380742,22.380742,22.380742,inf,nan
7,10000000,28072162,1745640,1745639.390454,logx,17,1745649.824144,9.824144,9.824144,47.781132,0.205607
7,10000000,28072162,1745640,1745639.390454,log2x,294,1745646.334802,6.334802,6.334802,23.048885,0.274842
7,10000000,28072162,1745640,1745639.390454,log3x,5044,1745640.682483,0.682483,0.682483,8.347513,0.081759
7,10000000,28072162,1745640,1745639.390454,Kmax,8000,1745641.213798,1.213798,1.213798,6.986841,0.173726
7,10000000,29209037,1811789,1811844.815756,K=1,1,1811884.890633,95.890633,95.890633,inf,nan
7,10000000,29209037,1811789,1811844.815756,logx,17,1811819.159569,30.159569,30.159569,48.626496,0.620229
7,10000000,29209037,1811789,1811844.815756,log2x,295,1811786.229198,-2.770802,2.770802,23.430874,0.118254
7,10000000,29209037,1811789,1811844.815756,log3x,5080,1811794.534627,5.534627,5.534627,8.472107,0.653276
7,10000000,29209037,1811789,1811844.815756,Kmax,8000,1811797.825516,8.825516,8.825516,7.110455,1.241203
7,10000000,30391954,1880725,1880572.703013,K=1,1,1880618.027894,-106.972106,106.972106,inf,nan
7,10000000,30391954,1880725,1880572.703013,logx,17,1880665.570508,-59.429492,59.429492,49.487081,1.200909
7,10000000,30391954,1880725,1880572.703013,log2x,297,1880695.172285,-29.827715,29.827715,23.793363,1.253615
7,10000000,30391954,1880725,1880572.703013,log3x,5115,1880717.716050,-7.283950,7.283950,8.599410,0.847029
7,10000000,30391954,1880725,1880572.703013,Kmax,8000,1880722.888529,-2.111471,2.111471,7.236295,0.291789
7,10000000,31622777,1951958,1951919.498983,K=1,1,1951956.158609,-1.841391,1.841391,inf,nan
7,10000000,31622777,1951958,1951919.498983,logx,17,1951987.784473,29.784473,29.784473,50.363163,0.591394
7,10000000,31622777,1951958,1951919.498983,log2x,298,1951930.523689,-27.476311,27.476311,24.188191,1.135939
7,10000000,31622777,1951958,1951919.498983,log3x,5150,1951950.042406,-7.957594,7.957594,8.728823,0.911646
7,10000000,31622777,1951958,1951919.498983,Kmax,8000,1951955.336283,-2.663717,2.663717,7.364401,0.361702
7,10000000,31632777,1952541,1952498.499486,K=1,1,1952535.037311,-5.962689,5.962689,inf,nan
7,10000000,31632777,1952541,1952498.499486,logx,17,1952566.459637,25.459637,25.459637,50.370203,0.505450
7,10000000,31632777,1952541,1952498.499486,log2x,298,1952509.151000,-31.849000,31.849000,24.191573,1.316533
7,10000000,31632777,1952541,1952498.499486,log3x,5151,1952535.174716,-5.825284,5.825284,8.729394,0.667318
7,10000000,31632777,1952541,1952498.499486,Kmax,8000,1952533.443320,-7.556680,7.556680,7.365431,1.025966
8,100000000,104049831,5981207,5981154.834070,K=1,1,5981170.402855,-36.597145,36.597145,inf,nan
8,100000000,104049831,5981207,5981154.834070,logx,18,5981150.091834,-56.908166,56.908166,84.729106,0.671648
8,100000000,104049831,5981207,5981154.834070,log2x,341,5981206.834194,-0.165806,0.165806,39.277763,0.004221
8,100000000,104049831,5981207,5981154.834070,log3x,6291,5981208.052193,1.052193,1.052193,13.715393,0.076716
8,100000000,104049831,5981207,5981154.834070,Kmax,8000,5981214.389101,7.389101,7.389101,12.496674,0.591285
8,100000000,108263673,6209266,6209160.793481,K=1,1,6209215.541172,-50.458828,50.458828,inf,nan
8,100000000,108263673,6209266,6209160.793481,logx,19,6209348.741353,82.741353,82.741353,85.512313,0.967596
8,100000000,108263673,6209266,6209160.793481,log2x,342,6209295.627882,29.627882,29.627882,39.940787,0.741795
8,100000000,108263673,6209266,6209160.793481,log3x,6332,6209256.387976,-9.612024,9.612024,13.925404,0.690251
8,100000000,108263673,6209266,6209160.793481,Kmax,8000,6209262.056503,-3.943497,3.943497,12.719855,0.310027
8,100000000,112648169,6446060,6445892.323041,K=1,1,6445970.364911,-89.635089,89.635089,inf,nan
8,100000000,112648169,6446060,6445892.323041,logx,19,6446063.978660,3.978660,3.978660,87.039899,0.045711
8,100000000,112648169,6446060,6445892.323041,log2x,344,6446106.878651,46.878651,46.878651,40.576442,1.155317
8,100000000,112648169,6446060,6445892.323041,log3x,6373,6446057.551011,-2.448989,2.448989,14.138916,0.173209
8,100000000,112648169,6446060,6445892.323041,Kmax,8000,6446055.743228,-4.256772,4.256772,12.947081,0.328782
8,100000000,117210230,6691738,6691684.454653,K=1,1,6691762.083174,24.083174,24.083174,inf,nan
8,100000000,117210230,6691738,6691684.454653,logx,19,6691698.708145,-39.291855,39.291855,88.595181,0.443499
8,100000000,117210230,6691738,6691684.454653,log2x,345,6691746.862818,8.862818,8.862818,41.262082,0.214793
8,100000000,117210230,6691738,6691684.454653,log3x,6414,6691739.229954,1.229954,1.229954,14.355990,0.085675
8,100000000,117210230,6691738,6691684.454653,Kmax,8000,6691748.733634,10.733634,10.733634,13.178428,0.814485
8,100000000,121957046,6946709,6946885.075312,K=1,1,6946937.899223,228.899223,228.899223,inf,nan
8,100000000,121957046,6946709,6946885.075312,logx,19,6946733.305194,24.305194,24.305194,90.178664,0.269523
8,100000000,121957046,6946709,6946885.075312,log2x,347,6946733.335440,24.335440,24.335440,41.919784,0.580524
8,100000000,121957046,6946709,6946885.075312,log3x,6455,6946716.630391,7.630391,7.630391,14.576685,0.523465
8,100000000,121957046,6946709,6946885.075312,Kmax,8000,6946713.674839,4.674839,4.674839,13.413969,0.348505
8,100000000,126896100,7211882,7211855.568630,K=1,1,7211866.120207,-15.879793,15.879793,inf,nan
8,100000000,126896100,7211882,7211855.568630,logx,19,7211853.075184,-28.924816,28.924816,91.790867,0.315116
8,100000000,126896100,7211882,7211855.568630,log2x,348,7211900.240004,18.240004,18.240004,42.628832,0.427880
8,100000000,126896100,7211882,7211855.568630,log3x,6496,7211864.557790,-17.442210,17.442210,14.801062,1.178443
8,100000000,126896100,7211882,7211855.568630,Kmax,8000,7211869.850095,-12.149905,12.149905,13.653782,0.889856
8,100000000,132035178,7487059,7486971.235362,K=1,1,7486934.684877,-124.315123,124.315123,inf,nan
8,100000000,132035178,7487059,7486971.235362,logx,19,7487059.744160,0.744160,0.744160,93.432316,0.007965
8,100000000,132035178,7487059,7486971.235362,log2x,350,7487067.791122,8.791122,8.791122,43.309358,0.202984
8,100000000,132035178,7487059,7486971.235362,log3x,6538,7487056.436850,-2.563150,2.563150,15.028297,0.170555
8,100000000,132035178,7487059,7486971.235362,Kmax,8000,7487052.817360,-6.182640,6.182640,13.897946,0.444860
8,100000000,137382380,7772578,7772621.763066,K=1,1,7772547.885993,-30.114007,30.114007,inf,nan
8,100000000,137382380,7772578,7772621.763066,logx,19,7772518.253075,-59.746925,59.746925,95.103546,0.628230
8,100000000,137382380,7772578,7772621.763066,log2x,351,7772631.469682,53.469682,53.469682,44.042633,1.214044
8,100000000,137382380,7772578,7772621.763066,log3x,6579,7772567.337893,-10.662107,10.662107,15.260221,0.698686
8,100000000,137382380,7772578,7772621.763066,Kmax,8000,7772573.557433,-4.442567,4.442567,14.146539,0.314039
8,100000000,142946134,8069197,8069211.850724,K=1,1,8069122.497521,-74.502479,74.502479,inf,nan
8,100000000,142946134,8069197,8069211.850724,logx,19,8069185.754951,-11.245049,11.245049,96.805105,0.116162
8,100000000,142946134,8069197,8069211.850724,log2x,353,8069186.521362,-10.478638,10.478638,44.746787,0.234176
8,100000000,142946134,8069197,8069211.850724,log3x,6621,8069185.049683,-11.950317,11.950317,15.495113,0.771231
8,100000000,142946134,8069197,8069211.850724,Kmax,8000,8069180.412974,-16.587026,16.587026,14.399644,1.151905
8,100000000,148735211,8377294,8377161.879791,K=1,1,8377084.576711,-209.423289,209.423289,inf,nan
8,100000000,148735211,8377294,8377161.879791,logx,19,8377236.537781,-57.462219,57.462219,98.537547,0.583150
8,100000000,148735211,8377294,8377161.879791,log2x,354,8377276.102684,-17.897316,17.897316,45.505138,0.393303
8,100000000,148735211,8377294,8377161.879791,log3x,6663,8377298.810634,4.810634,4.810634,15.733928,0.305749
8,100000000,148735211,8377294,8377161.879791,Kmax,8000,8377296.220763,2.220763,2.220763,14.657343,0.151512
8,100000000,154758735,8696790,8696908.312884,K=1,1,8696867.854251,77.854251,77.854251,inf,nan
8,100000000,154758735,8696790,8696908.312884,logx,19,8696771.555882,-18.444118,18.444118,100.301440,0.183887
8,100000000,154758735,8696790,8696908.312884,log2x,356,8696770.552710,-19.447290,19.447290,46.233754,0.420630
8,100000000,154758735,8696790,8696908.312884,log3x,6706,8696794.100724,4.100724,4.100724,15.975811,0.256683
8,100000000,154758735,8696790,8696908.312884,Kmax,8000,8696795.223689,5.223689,5.223689,14.919720,0.350120
8,100000000,161026203,9028891,9028904.617886,K=1,1,9028915.205375,24.205375,24.205375,inf,nan
8,100000000,161026203,9028891,9028904.617886,logx,19,9028801.029976,-89.970024,89.970024,102.097361,0.881218
8,100000000,161026203,9028891,9028904.617886,log2x,357,9028864.659130,-26.340870,26.340870,47.018060,0.560229
8,100000000,161026203,9028891,9028904.617886,log3x,6748,9028900.036384,9.036384,9.036384,16.222662,0.557022
8,100000000,161026203,9028891,9028904.617886,Kmax,8000,9028900.237845,9.237845,9.237845,15.186861,0.608279
8,100000000,167547492,9373534,9373621.495312,K=1,1,9373681.901284,147.901284,147.901284,inf,nan
8,100000000,167547492,9373534,9373621.495312,logx,19,9373510.841776,-23.158224,23.158224,103.925896,0.222834
8,100000000,167547492,9373534,9373621.495312,log2x,359,9373515.861101,-18.138899,18.138899,47.772002,0.379697
8,100000000,167547492,9373534,9373621.495312,log3x,6791,9373520.696848,-13.303152,13.303152,16.472702,0.807588
8,100000000,167547492,9373534,9373621.495312,Kmax,8000,9373516.018797,-17.981203,17.981203,15.458853,1.163165
8,100000000,174332882,9731739,9731547.947306,K=1,1,9731641.324140,-97.675860,97.675860,inf,nan
8,100000000,174332882,9731739,9731547.947306,logx,19,9731751.209957,12.209957,12.209957,105.787645,0.115419
8,100000000,174332882,9731739,9731547.947306,log2x,360,9731706.270279,-32.729721,32.729721,48.583173,0.673684
8,100000000,174332882,9731739,9731547.947306,log3x,6834,9731748.313332,9.313332,9.313332,16.726919,0.556787
8,100000000,174332882,9731739,9731547.947306,Kmax,8000,9731751.447702,12.447702,12.447702,15.735786,0.791044
8,100000000,181393069,10103435,10103191.808857,K=1,1,10103290.372917,-144.627083,144.627083,inf,nan
8,100000000,181393069,10103435,10103191.808857,logx,19,10103401.976917,-33.023083,33.023083,107.683217,0.306669
8,100000000,181393069,10103435,10103191.808857,log2x,362,10103419.608251,-15.391749,15.391749,49.363335,0.311805
8,100000000,181393069,10103435,10103191.808857,log3x,6877,10103420.104749,-14.895251,14.895251,16.985385,0.876945
8,100000000,181393069,10103435,10103191.808857,Kmax,8000,10103423.593035,-11.406965,11.406965,16.017751,0.712145
8,100000000,188739182,10489249,10489080.483750,K=1,1,10489153.787747,-95.212253,95.212253,inf,nan
8,100000000,188739182,10489249,10489080.483750,logx,19,10489251.350616,2.350616,2.350616,109.613233,0.021445
8,100000000,188739182,10489249,10489080.483750,log2x,363,10489289.845390,40.845390,40.845390,50.202314,0.813616
8,100000000,188739182,10489249,10489080.483750,log3x,6920,10489263.307014,14.307014,14.307014,17.248173,0.829480
8,100000000,188739182,10489249,10489080.483750,Kmax,8000,10489257.684448,8.684448,8.684448,16.304838,0.532630
8,100000000,196382800,10889788,10889761.672890,K=1,1,10889786.012453,-1.987547,1.987547,inf,nan
8,100000000,196382800,10889788,10889761.672890,logx,19,10889754.088857,-33.911143,33.911143,111.578326,0.303922
8,100000000,196382800,10889788,10889761.672890,log2x,365,10889837.229512,49.229512,49.229512,51.009622,0.965102
8,100000000,196382800,10889788,10889761.672890,log3x,6963,10889772.350392,-15.649608,15.649608,17.515355,0.893479
8,100000000,196382800,10889788,10889761.672890,Kmax,8000,10889781.725902,-6.274098,6.274098,16.597143,0.378023
8,100000000,204335972,11305661,11305804.251933,K=1,1,11305770.308800,109.308800,109.308800,inf,nan
8,100000000,204335972,11305661,11305804.251933,logx,19,11305690.912115,29.912115,29.912115,113.579138,0.263359
8,100000000,204335972,11305661,11305804.251933,log2x,366,11305682.345952,21.345952,21.345952,51.877385,0.411469
8,100000000,204335972,11305661,11305804.251933,log3x,7007,11305651.839437,-9.160563,9.160563,17.786024,0.515043
8,100000000,204335972,11305661,11305804.251933,Kmax,8000,11305652.163596,-8.836404,8.836404,16.894762,0.523026
8,100000000,212611233,11737715,11737798.931073,K=1,1,11737715.201330,0.201330,0.201330,inf,nan
8,100000000,212611233,11737715,11737798.931073,logx,19,11737722.843449,7.843449,7.843449,115.616326,0.067840
8,100000000,212611233,11737715,11737798.931073,log2x,368,11737743.900058,28.900058,28.900058,52.712799,0.548255
8,100000000,212611233,11737715,11737798.931073,log3x,7050,11737721.837152,6.837152,6.837152,18.062212,0.378533
8,100000000,212611233,11737715,11737798.931073,Kmax,8000,11737720.510093,5.510093,5.510093,17.197791,0.320395
8,100000000,221221629,12186029,12186359.376752,K=1,1,12186250.160585,221.160585,221.160585,inf,nan
8,100000000,221221629,12186029,12186359.376752,logx,19,12186182.485353,153.485353,153.485353,117.690558,1.304143
8,100000000,221221629,12186029,12186359.376752,log2x,369,12186044.129951,15.129951,15.129951,53.610357,0.282221
8,100000000,221221629,12186029,12186359.376752,log3x,7094,12186047.539440,18.539440,18.539440,18.342022,1.010763
8,100000000,221221629,12186029,12186359.376752,Kmax,8000,12186049.854613,20.854613,20.854613,17.506331,1.191261
8,100000000,230180731,12651943,12652122.749989,K=1,1,12652021.134403,78.134403,78.134403,inf,nan
8,100000000,230180731,12651943,12652122.749989,logx,19,12651967.379562,24.379562,24.379562,119.802515,0.203498
8,100000000,230180731,12651943,12652122.749989,log2x,371,12651939.563188,-3.436812,3.436812,54.474872,0.063090
8,100000000,230180731,12651943,12652122.749989,log3x,7138,12651954.405547,11.405547,11.405547,18.626514,0.612329
8,100000000,230180731,12651943,12652122.749989,Kmax,8000,12651953.631786,10.631786,10.631786,17.820482,0.596605
8,100000000,239502662,13135800,13135750.913683,K=1,1,13135688.759425,-111.240575,111.240575,inf,nan
8,100000000,239502662,13135800,13135750.913683,logx,19,13135718.507579,-81.492421,81.492421,121.952890,0.668229
8,100000000,239502662,13135800,13135750.913683,log2x,372,13135788.693805,-11.306195,11.306195,55.403273,0.204071
8,100000000,239502662,13135800,13135750.913683,log3x,7182,13135797.164992,-2.835008,2.835008,18.915768,0.149875
8,100000000,239502662,13135800,13135750.913683,Kmax,8000,13135803.593859,3.593859,3.593859,18.140347,0.198114
8,100000000,249202115,13638076,13637931.161455,K=1,1,13637929.114157,-146.885843,146.885843,inf,nan
8,100000000,249202115,13638076,13637931.161455,logx,19,13638059.019638,-16.980362,16.980362,124.142387,0.136781
8,100000000,249202115,13638076,13637931.161455,log2x,374,13638044.054497,-31.945503,31.945503,56.297918,0.567437
8,100000000,249202115,13638076,13637931.161455,log3x,7227,13638072.902033,-3.097967,3.097967,19.208836,0.161278
8,100000000,249202115,13638076,13637931.161455,Kmax,8000,13638080.772433,4.772433,4.772433,18.466032,0.258444
8,100000000,259294380,14159548,14159377.404060,K=1,1,14159438.051090,-109.948910,109.948910,inf,nan
8,100000000,259294380,14159548,14159377.404060,logx,19,14159515.380348,-32.619652,32.619652,126.371727,0.258125
8,100000000,259294380,14159548,14159377.404060,log2x,375,14159526.119484,-21.880516,21.880516,57.258246,0.382137
8,100000000,259294380,14159548,14159377.404060,log3x,7271,14159524.109813,-23.890187,23.890187,19.507850,1.224645
8,100000000,259294380,14159548,14159377.404060,Kmax,8000,14159527.887422,-20.112578,20.112578,18.797644,1.069952
8,100000000,269795364,14700885,14700830.982727,K=1,1,14700937.407054,52.407054,52.407054,inf,nan
8,100000000,269795364,14700885,14700830.982727,logx,19,14700918.545701,33.545701,33.545701,128.641642,0.260769
8,100000000,269795364,14700885,14700830.982727,log2x,377,14700926.418731,41.418731,41.418731,58.184088,0.711857
8,100000000,269795364,14700885,14700830.982727,log3x,7316,14700854.738127,-30.261873,30.261873,19.810824,1.527542
8,100000000,269795364,14700885,14700830.982727,Kmax,8000,14700860.989818,-24.010182,24.010182,19.135291,1.254759
8,100000000,280721620,15263232,15263061.937329,K=1,1,15263182.314630,-49.685370,49.685370,inf,nan
8,100000000,280721620,15263232,15263061.937329,logx,19,15263067.162036,-164.837964,164.837964,130.952877,1.258758
8,100000000,280721620,15263232,15263061.937329,log2x,378,15263226.992798,-5.007202,5.007202,59.177466,0.084613
8,100000000,280721620,15263232,15263061.937329,log3x,7361,15263241.697393,9.697393,9.697393,20.118873,0.482005
8,100000000,280721620,15263232,15263061.937329,Kmax,8000,15263240.815708,8.815708,8.815708,19.479085,0.452573
8,100000000,292090372,15846849,15846870.056051,K=1,1,15846967.076106,118.076106,118.076106,inf,nan
8,100000000,292090372,15846849,15846870.056051,logx,19,15846859.100611,10.100611,10.100611,133.306192,0.075770
8,100000000,292090372,15846849,15846870.056051,log2x,380,15846821.578029,-27.421971,27.421971,60.135611,0.456002
8,100000000,292090372,15846849,15846870.056051,log3x,7406,15846878.927335,29.927335,29.927335,20.432083,1.464723
8,100000000,292090372,15846849,15846870.056051,Kmax,8000,15846880.887236,31.887236,31.887236,19.829137,1.608100
8,100000000,303919538,16452961,16453085.812174,K=1,1,16453128.153936,167.153936,167.153936,inf,nan
8,100000000,303919538,16452961,16453085.812174,logx,20,16453127.174353,166.174353,166.174353,134.570431,1.234850
8,100000000,303919538,16452961,16453085.812174,log2x,382,16452986.813751,25.813751,25.813751,61.110037,0.422414
8,100000000,303919538,16452961,16453085.812174,log3x,7452,16452936.811901,-24.188099,24.188099,20.749463,1.165722
8,100000000,303919538,16452961,16453085.812174,Kmax,8000,16452944.472044,-16.527956,16.527956,20.185565,0.818801
8,100000000,316227766,17082666,17082571.956025,K=1,1,17082544.303625,-121.696375,121.696375,inf,nan
8,100000000,316227766,17082666,17082571.956025,logx,20,17082736.924540,70.924540,70.924540,136.989890,0.517736
8,100000000,316227766,17082666,17082571.956025,log2x,383,17082743.220217,77.220217,77.220217,62.154796,1.242386
8,100000000,316227766,17082666,17082571.956025,log3x,7497,17082673.317844,7.317844,7.317844,21.073251,0.347257
8,100000000,316227766,17082666,17082571.956025,Kmax,8000,17082673.340653,7.340653,7.340653,20.548483,0.357236
8,100000000,316327766,17087785,17087681.114154,K=1,1,17087652.899180,-132.100820,132.100820,inf,nan
8,100000000,316327766,17087785,17087681.114154,logx,20,17087844.925385,59.925385,59.925385,137.009334,0.437382
8,100000000,316327766,17087785,17087681.114154,log2x,383,17087854.540417,69.540417,69.540417,62.163618,1.118667
8,100000000,316327766,17087785,17087681.114154,log3x,7498,17087773.133596,-11.866404,11.866404,21.075152,0.563052
8,100000000,316327766,17087785,17087681.114154,Kmax,8000,17087770.098479,-14.901521,14.901521,20.551400,0.725085
9,1000000000,1040498310,52800244,52799785.864461,K=1,1,52800000.787142,-243.212858,243.212858,inf,nan
9,1000000000,1040498310,52800244,52799785.864461,logx,21,52799911.786624,-332.213376,332.213376,232.314312,1.430017
9,1000000000,1040498310,52800244,52799785.864461,log2x,431,52800185.283438,-58.716562,58.716562,102.173423,0.574675
9,1000000000,1040498310,52800244,52799785.864461,log3x,8000,52800233.375389,-10.624611,10.624611,35.135464,0.302390
9,1000000000,1040498310,52800244,52799785.864461,Kmax,8000,52800233.375389,-10.624611,10.624611,35.135464,0.302390
9,1000000000,1082636734,54827582,54827302.782501,K=1,1,54827514.801007,-67.198993,67.198993,inf,nan
9,1000000000,1082636734,54827582,54827302.782501,logx,21,54827814.161964,232.161964,232.161964,236.519558,0.981576
9,1000000000,1082636734,54827582,54827302.782501,log2x,433,54827604.204302,22.204302,22.204302,103.861610,0.213787
9,1000000000,1082636734,54827582,54827302.782501,log3x,8000,54827602.813847,20.813847,20.813847,35.771470,0.581856
9,1000000000,1082636734,54827582,54827302.782501,Kmax,8000,54827602.813847,20.813847,20.813847,35.771470,0.581856
9,1000000000,1126481692,56933652,56932909.169962,K=1,1,56933052.051871,-599.948129,599.948129,inf,nan
9,1000000000,1126481692,56933652,56932909.169962,logx,21,56933386.186701,-265.813299,265.813299,240.801801,1.103868
9,1000000000,1126481692,56933652,56932909.169962,log2x,434,56933580.754895,-71.245105,71.245105,105.660291,0.674285
9,1000000000,1126481692,56933652,56932909.169962,log3x,8000,56933627.784810,-24.215190,24.215190,36.419121,0.664903
9,1000000000,1126481692,56933652,56932909.169962,Kmax,8000,56933627.784810,-24.215190,24.215190,36.419121,0.664903
9,1000000000,1172102298,59119932,59119620.674749,K=1,1,59119647.298121,-284.701879,284.701879,inf,nan
9,1000000000,1172102298,59119932,59119620.674749,logx,21,59119509.822036,-422.177964,422.177964,245.162466,1.722033
9,1000000000,1172102298,59119932,59119620.674749,log2x,436,59119796.091571,-135.908429,135.908429,107.407927,1.265348
9,1000000000,1172102298,59119932,59119620.674749,log3x,8000,59119904.703017,-27.296983,27.296983,37.078632,0.736192
9,1000000000,1172102298,59119932,59119620.674749,Kmax,8000,59119904.703017,-27.296983,27.296983,37.078632,0.736192
9,1000000000,1219570460,61390468,61390569.432620,K=1,1,61390467.206007,-0.793993,0.793993,inf,nan
9,1000000000,1219570460,61390468,61390569.432620,logx,21,61390252.724648,-215.275352,215.275352,249.602999,0.862471
9,1000000000,1219570460,61390468,61390569.432620,log2x,438,61390419.200028,-48.799972,48.799972,109.185573,0.446945
9,1000000000,1219570460,61390468,61390569.432620,log3x,8000,61390465.364062,-2.635938,2.635938,37.750223,0.069826
9,1000000000,1219570460,61390468,61390569.432620,Kmax,8000,61390465.364062,-2.635938,2.635938,37.750223,0.069826
9,1000000000,1268961003,63748818,63749009.057317,K=1,1,63748805.116380,-12.883620,12.883620,inf,nan
9,1000000000,1268961003,63748818,63749009.057317,logx,21,63748626.109023,-191.890977,191.890977,254.124877,0.755105
9,1000000000,1268961003,63748818,63749009.057317,log2x,439,63748858.720711,40.720711,40.720711,111.078561,0.366594
9,1000000000,1268961003,63748818,63749009.057317,log3x,8000,63748849.759653,31.759653,31.759653,38.434117,0.826340
9,1000000000,1268961003,63748818,63749009.057317,Kmax,8000,63748849.759653,31.759653,31.759653,38.434117,0.826340
9,1000000000,1320351780,66197903,66198319.011417,K=1,1,66198073.194496,170.194496,170.194496,inf,nan
9,1000000000,1320351780,66197903,66198319.011417,logx,21,66198130.493358,227.493358,227.493358,258.729603,0.879271
9,1000000000,1320351780,66197903,66198319.011417,log2x,441,66197974.934372,71.934372,71.934372,112.918856,0.637045
9,1000000000,1320351780,66197903,66198319.011417,log3x,8000,66197927.699387,24.699387,24.699387,39.130541,0.631205
9,1000000000,1320351780,66197903,66198319.011417,Kmax,8000,66197927.699387,24.699387,24.699387,39.130541,0.631205
9,1000000000,1373823796,68742268,68742009.554603,K=1,1,68741796.905798,-471.094202,471.094202,inf,nan
9,1000000000,1373823796,68742268,68742009.554603,logx,21,68742039.729739,-228.270261,228.270261,263.418707,0.866568
9,1000000000,1373823796,68742268,68742009.554603,log2x,443,68742220.836299,-47.163701,47.163701,114.790780,0.410867
9,1000000000,1373823796,68742268,68742009.554603,log3x,8000,68742278.690571,10.690571,10.690571,39.839726,0.268339
9,1000000000,1373823796,68742268,68742009.554603,Kmax,8000,68742278.690571,10.690571,10.690571,39.839726,0.268339
9,1000000000,1429461338,71383373,71383726.930016,K=1,1,71383614.815109,241.815109,241.815109,inf,nan
9,1000000000,1429461338,71383373,71383726.930016,logx,21,71383356.030896,-16.969104,16.969104,268.193749,0.063272
9,1000000000,1429461338,71383373,71383726.930016,log2x,444,71383407.885098,34.885098,34.885098,116.783126,0.298717
9,1000000000,1429461338,71383373,71383726.930016,log3x,8000,71383400.904928,27.904928,27.904928,40.561908,0.687959
9,1000000000,1429461338,71383373,71383726.930016,Kmax,8000,71383400.904928,27.904928,27.904928,40.561908,0.687959
9,1000000000,1487352107,74127352,74127258.596545,K=1,1,74127285.386454,-66.613546,66.613546,inf,nan
9,1000000000,1487352107,74127352,74127258.596545,logx,21,74127301.529218,-50.470782,50.470782,273.056318,0.184837
9,1000000000,1487352107,74127352,74127258.596545,log2x,446,74127181.556376,-170.443624,170.443624,118.721073,1.435664
9,1000000000,1487352107,74127352,74127258.596545,log3x,8000,74127343.700503,-8.299497,8.299497,41.297328,0.200969
9,1000000000,1487352107,74127352,74127258.596545,Kmax,8000,74127343.700503,-8.299497,8.299497,41.297328,0.200969
9,1000000000,1547587355,76977060,76976538.648585,K=1,1,76976700.689073,-359.310927,359.310927,inf,nan
9,1000000000,1547587355,76977060,76976538.648585,logx,21,76977049.506018,-10.493982,10.493982,278.008032,0.037747
9,1000000000,1547587355,76977060,76976538.648585,log2x,448,76977012.110200,-47.889800,47.889800,120.692356,0.396792
9,1000000000,1547587355,76977060,76976538.648585,log3x,8000,76977049.539284,-10.460716,10.460716,42.046231,0.248791
9,1000000000,1547587355,76977060,76976538.648585,Kmax,8000,76977049.539284,-10.460716,10.460716,42.046231,0.248791
9,1000000000,1610262028,79935945,79935653.468394,K=1,1,79935904.710329,-40.289671,40.289671,inf,nan
9,1000000000,1610262028,79935945,79935653.468394,logx,21,79935829.821347,-115.178653,115.178653,283.050538,0.406919
9,1000000000,1610262028,79935945,79935653.468394,log2x,449,79935951.512255,6.512255,6.512255,122.789387,0.053036
9,1000000000,1610262028,79935945,79935653.468394,log3x,8000,79935941.014135,-3.985865,3.985865,42.808865,0.093108
9,1000000000,1610262028,79935945,79935653.468394,Kmax,8000,79935941.014135,-3.985865,3.985865,42.808865,0.093108
9,1000000000,1675474919,83008565,83008847.796717,K=1,1,83009112.663834,547.663834,547.663834,inf,nan
9,1000000000,1675474919,83008565,83008847.796717,logx,21,83008976.657070,411.657070,411.657070,288.185516,1.428445
9,1000000000,1675474919,83008565,83008847.796717,log2x,451,83008673.416603,108.416603,108.416603,124.830251,0.868512
9,1000000000,1675474919,83008565,83008847.796717,log3x,8000,83008564.545017,-0.454983,0.454983,43.585484,0.010439
9,1000000000,1675474919,83008565,83008847.796717,Kmax,8000,83008564.545017,-0.454983,0.454983,43.585484,0.010439
9,1000000000,1743328822,86200557,86200530.793693,K=1,1,86200726.748325,169.748325,169.748325,inf,nan
9,1000000000,1743328822,86200557,86200530.793693,logx,21,86200602.034945,45.034945,45.034945,293.414675,0.153486
9,1000000000,1743328822,86200557,86200530.793693,log2x,453,86200521.785647,-35.214353,35.214353,126.906251,0.277483
9,1000000000,1743328822,86200557,86200530.793693,log3x,8000,86200528.112666,-28.887334,28.887334,44.376348,0.650962
9,1000000000,1743328822,86200557,86200530.793693,Kmax,8000,86200528.112666,-28.887334,28.887334,44.376348,0.650962
9,1000000000,1813930694,89515742,89515282.418970,K=1,1,89515345.525506,-396.474494,396.474494,inf,nan
9,1000000000,1813930694,89515742,89515282.418970,logx,21,89515618.422455,-123.577545,123.577545,298.739758,0.413663
9,1000000000,1813930694,89515742,89515282.418970,log2x,454,89515789.204121,47.204121,47.204121,129.113585,0.365602
9,1000000000,1813930694,89515742,89515282.418970,log3x,8000,89515758.097421,16.097421,16.097421,45.181719,0.356282
9,1000000000,1813930694,89515742,89515282.418970,Kmax,8000,89515758.097421,16.097421,16.097421,45.181719,0.356282
9,1000000000,1887391822,92957157,92957859.986846,K=1,1,92957765.590684,608.590684,608.590684,inf,nan
9,1000000000,1887391822,92957157,92957859.986846,logx,21,92957488.371844,331.371844,331.371844,304.162539,1.089456
9,1000000000,1887391822,92957157,92957859.986846,log2x,456,92957284.528603,127.528603,127.528603,131.262918,0.971551
9,1000000000,1887391822,92957157,92957859.986846,log3x,8000,92957134.116030,-22.883970,22.883970,46.001866,0.497457
9,1000000000,1887391822,92957157,92957859.986846,Kmax,8000,92957134.116030,-22.883970,22.883970,46.001866,0.497457
9,1000000000,1963828002,96532677,96533205.221771,K=1,1,96532977.100040,300.100040,300.100040,inf,nan
9,1000000000,1963828002,96532677,96533205.221771,logx,21,96532767.107094,90.107094,90.107094,309.684825,0.290964
9,1000000000,1963828002,96532677,96533205.221771,log2x,458,96532589.785443,-87.214557,87.214557,133.449288,0.653541
9,1000000000,1963828002,96532677,96533205.221771,log3x,8000,96532677.026779,0.026779,0.026779,46.837063,0.000572
9,1000000000,1963828002,96532677,96533205.221771,Kmax,8000,96532677.026779,0.026779,0.026779,46.837063,0.000572
9,1000000000,2043359718,100246481,100246451.248472,K=1,1,100246155.949402,-325.050598,325.050598,inf,nan
9,1000000000,2043359718,100246481,100246451.248472,logx,21,100246500.630540,19.630540,19.630540,315.308458,0.062258
9,1000000000,2043359718,100246481,100246451.248472,log2x,460,100246506.656040,25.656040,25.656040,135.673345,0.189102
9,1000000000,2043359718,100246481,100246451.248472,log3x,8000,100246449.630964,-31.369036,31.369036,47.687587,0.657803
9,1000000000,2043359718,100246481,100246451.248472,Kmax,8000,100246449.630964,-31.369036,31.369036,47.687587,0.657803
9,1000000000,2126112334,104103174,104102930.123294,K=1,1,104102657.721065,-516.278935,516.278935,inf,nan
9,1000000000,2126112334,104103174,104102930.123294,logx,21,104102864.113571,-309.886429,309.886429,321.035312,0.965272
9,1000000000,2126112334,104103174,104102930.123294,log2x,461,104103173.561349,-0.438651,0.438651,138.036507,0.003178
9,1000000000,2126112334,104103174,104102930.123294,log3x,8000,104103138.007585,-35.992415,35.992415,48.553723,0.741291
9,1000000000,2126112334,104103174,104102930.123294,Kmax,8000,104103138.007585,-35.992415,35.992415,48.553723,0.741291
9,1000000000,2212216291,108107516,108108180.528545,K=1,1,108108017.312143,501.312143,501.312143,inf,nan
9,1000000000,2212216291,108107516,108108180.528545,logx,22,108107828.688098,312.688098,312.688098,324.231772,0.964397
9,1000000000,2212216291,108107516,108108180.528545,log2x,463,108107596.217958,80.217958,80.217958,140.339207,0.571600
9,1000000000,2212216291,108107516,108108180.528545,log3x,8000,108107531.494464,15.494464,15.494464,49.435758,0.313426
9,1000000000,2212216291,108107516,108108180.528545,Kmax,8000,108107531.494464,15.494464,15.494464,49.435758,0.313426
9,1000000000,2301807313,112268742,112267955.813797,K=1,1,112267957.152483,-784.847517,784.847517,inf,nan
9,1000000000,2301807313,112268742,112267955.813797,logx,22,112268298.047187,-443.952813,443.952813,330.122950,1.344811
9,1000000000,2301807313,112268742,112267955.813797,log2x,465,112268684.535703,-57.464297,57.464297,142.681632,0.402745
9,1000000000,2301807313,112268742,112267955.813797,log3x,8000,112268717.046319,-24.953681,24.953681,50.333989,0.495762
9,1000000000,2301807313,112268742,112267955.813797,Kmax,8000,112268717.046319,-24.953681,24.953681,50.333989,0.495762
9,1000000000,2395026620,116588222,116588232.287662,K=1,1,116588404.162999,182.162999,182.162999,inf,nan
9,1000000000,2395026620,116588222,116588232.287662,logx,22,116588138.680842,-83.319158,83.319158,336.122308,0.247883
9,1000000000,2395026620,116588222,116588232.287662,log2x,466,116588209.182942,-12.817058,12.817058,145.169398,0.088290
9,1000000000,2395026620,116588222,116588232.287662,log3x,8000,116588290.269667,68.269667,68.269667,51.248713,1.332125
9,1000000000,2395026620,116588222,116588232.287662,Kmax,8000,116588290.269667,68.269667,68.269667,51.248713,1.332125
9,1000000000,2492021151,121074784,121075217.896061,K=1,1,121075513.193071,729.193071,729.193071,inf,nan
9,1000000000,2492021151,121074784,121075217.896061,logx,22,121074837.648864,53.648864,53.648864,342.231849,0.156762
9,1000000000,2492021151,121074784,121075217.896061,log2x,468,121074897.111999,113.111999,113.111999,147.594715,0.766369
9,1000000000,2492021151,121074784,121075217.896061,log3x,8000,121074757.333847,-26.666153,26.666153,52.180238,0.511039
9,1000000000,2492021151,121074784,121075217.896061,Kmax,8000,121074757.333847,-26.666153,26.666153,52.180238,0.511039
9,1000000000,2592943797,125736669,125735361.282623,K=1,1,125735692.542804,-976.457196,976.457196,inf,nan
9,1000000000,2592943797,125736669,125735361.282623,logx,22,125736176.058427,-492.941573,492.941573,348.453614,1.414655
9,1000000000,2592943797,125736669,125735361.282623,log2x,470,125736547.880123,-121.119877,121.119877,150.061907,0.807133
9,1000000000,2592943797,125736669,125735361.282623,log3x,8000,125736682.267885,13.267885,13.267885,53.128873,0.249730
9,1000000000,2592943797,125736669,125735361.282623,Kmax,8000,125736682.267885,13.267885,13.267885,53.128873,0.249730
9,1000000000,2697953640,130576025,130575361.042772,K=1,1,130575626.298445,-398.701555,398.701555,inf,nan
9,1000000000,2697953640,130576025,130575361.042772,logx,22,130575707.416028,-317.583972,317.583972,354.789680,0.895133
9,1000000000,2697953640,130576025,130575361.042772,log2x,472,130575923.276932,-101.723068,101.723068,152.571713,0.666723
9,1000000000,2697953640,130576025,130575361.042772,log3x,8000,130576031.514879,6.514879,6.514879,54.094936,0.120434
9,1000000000,2697953640,130576025,130575361.042772,Kmax,8000,130576031.514879,6.514879,6.514879,54.094936,0.120434
9,1000000000,2807216204,135602250,135602175.445455,K=1,1,135602289.541757,39.541757,39.541757,inf,nan
9,1000000000,2807216204,135602250,135602175.445455,logx,22,135602180.203588,-69.796412,69.796412,361.242165,0.193212
9,1000000000,2807216204,135602250,135602175.445455,log2x,473,135602157.073554,-92.926446,92.926446,155.235544,0.598616
9,1000000000,2807216204,135602250,135602175.445455,log3x,8000,135602322.233472,72.233472,72.233472,55.078749,1.311458
9,1000000000,2807216204,135602250,135602175.445455,Kmax,8000,135602322.233472,72.233472,72.233472,55.078749,1.311458
9,1000000000,2920903717,140823109,140823032.571356,K=1,1,140822954.387870,-154.612130,154.612130,inf,nan
9,1000000000,2920903717,140823109,140823032.571356,logx,22,140823439.177544,330.177544,330.177544,367.813225,0.897677
9,1000000000,2920903717,140823109,140823032.571356,log2x,475,140823240.649861,131.649861,131.649861,157.834252,0.834102
9,1000000000,2920903717,140823109,140823032.571356,log3x,8000,140823179.973357,70.973357,70.973357,56.080641,1.265559
9,1000000000,2920903717,140823109,140823032.571356,Kmax,8000,140823179.973357,70.973357,70.973357,56.080641,1.265559
9,1000000000,3039195382,146244811,146245440.771392,K=1,1,146245187.684822,376.684822,376.684822,inf,nan
9,1000000000,3039195382,146244811,146245440.771392,logx,22,146245072.262727,261.262727,261.262727,374.505055,0.697621
9,1000000000,3039195382,146244811,146245440.771392,log2x,477,146244822.689208,11.689208,11.689208,160.477882,0.072840
9,1000000000,3039195382,146244811,146245440.771392,log3x,8000,146244769.259609,-41.740391,41.740391,57.100947,0.730993
9,1000000000,3039195382,146244811,146245440.771392,Kmax,8000,146244769.259609,-41.740391,41.740391,57.100947,0.730993
9,1000000000,3162277660,151876932,151877199.579287,K=1,1,151876844.178544,-87.821456,87.821456,inf,nan
9,1000000000,3162277660,151876932,151877199.579287,logx,22,151876952.982882,20.982882,20.982882,381.319895,0.055027
9,1000000000,3162277660,151876932,151877199.579287,log2x,478,151877006.513920,74.513920,74.513920,163.282504,0.456350
9,1000000000,3162277660,151876932,151877199.579287,log3x,8000,151876892.332450,-39.667550,39.667550,58.140009,0.682276
9,1000000000,3162277660,151876932,151877199.579287,Kmax,8000,151876892.332450,-39.667550,39.667550,58.140009,0.682276
9,1000000000,3163277660,151922633,151922914.043814,K=1,1,151922558.231943,-74.768057,74.768057,inf,nan
9,1000000000,3163277660,151922633,151922914.043814,logx,22,151922670.400677,37.400677,37.400677,381.374670,0.098068
9,1000000000,3163277660,151922633,151922914.043814,log2x,479,151922724.107353,91.107353,91.107353,163.190663,0.558288
9,1000000000,3163277660,151922633,151922914.043814,log3x,8000,151922546.079472,-86.920528,86.920528,58.148361,1.494806
9,1000000000,3163277660,151922633,151922914.043814,Kmax,8000,151922546.079472,-86.920528,86.920528,58.148361,1.494806
