anchor_log10,K_compute,kernel,N,sigma_pred,sigma_eff,sigma_eff_hard,ratio_obs_over_hard,median_abs_err,mean_abs_err,ks_D_eff,ks_p_eff
7,500,antipair_03,20,16.447081746474993,20.66449660148711,11.86995788834712,1.740907322154335,17.81909597828053,17.848318628343986,0.1823216446524267,0.47796769528093247
7,500,antipair_05,20,16.447081746474993,30.720230113817053,11.86995788834712,2.588065636186921,24.438298408407718,25.61512541429256,0.14456569807917188,0.7645557543188966
7,500,boundary_pair,20,16.447081746474993,11.785345509849918,11.86995788834712,0.9928717204144198,8.930864293361083,10.187184966093628,0.21975953717975377,0.2547068064245247
7,500,half_int,20,16.447081746474993,11.829421827146543,11.86995788834712,0.9965849869408239,9.063614998245612,10.208115348615683,0.22696823201244926,0.22219124768289117
7,500,hard,20,16.447081746474993,11.86995788834712,11.86995788834712,1.0,9.180754381697625,10.216221063095144,0.22967897759507516,0.21081321730605726
7,500,paired_hann,20,16.447081746474993,14.612956054975351,11.86995788834712,1.2310874387617723,10.560385298915207,12.126813946594485,0.14193147706310985,0.7838213767754948
7,500,paired_riesz,20,16.447081746474993,13.123848729316439,11.86995788834712,1.1056356604432673,9.81731560989283,10.577354340779129,0.0997043002645312,0.9838807767938047
7,500,paired_triangle,20,16.447081746474993,14.871760775978128,11.86995788834712,1.252890778203848,11.939825114095584,12.206779662624466,0.21991548892084328,0.2539680156214075
7,1000,antipair_03,20,12.926979197595465,17.902037801821884,8.885275724834317,2.0147982298158453,8.384802922839299,13.82830298228655,0.19845986543655908,0.370706911052281
7,1000,antipair_05,20,12.926979197595465,28.389465397816533,8.885275724834317,3.195113610089563,15.810938087059185,22.1728409518837,0.13819292217094287,0.810340290005109
7,1000,boundary_pair,20,12.926979197595465,8.829518189296012,8.885275724834317,0.9937247264727573,6.152277702232823,7.396217364771291,0.2211732423005824,0.24806734806764305
7,1000,half_int,20,12.926979197595465,8.8565207805897,8.885275724834317,0.9967637532998275,6.323343521216884,7.444359326595441,0.2197413442451139,0.2547930948947269
7,1000,hard,20,12.926979197595465,8.885275724834317,8.885275724834317,1.0,6.496691777836531,7.4888960062817205,0.20730338720094346,0.3188900457737702
7,1000,paired_hann,20,12.926979197595465,10.919090635193314,8.885275724834317,1.2288972197761394,6.5655483356677,8.81107875382877,0.10333198463122806,0.9767588856911646
7,1000,paired_riesz,20,12.926979197595465,9.526268474698657,8.885275724834317,1.0721410083057712,5.866619636071846,7.420040730264736,0.10635068381398816,0.9694153634292305
7,1000,paired_triangle,20,12.926979197595465,11.081550956645208,8.885275724834317,1.2471814381260344,8.447803790913895,8.844814416428562,0.1207393694408283,0.9151697355919889
7,2000,antipair_03,20,10.05796842851688,16.8703134499581,8.445182505768619,1.9976256804911627,11.275345449103042,13.337646088399925,0.16432229796425968,0.6126554411105332
7,2000,antipair_05,20,10.05796842851688,27.389347653519522,8.445182505768619,3.2431919185654996,20.70527505269274,21.943801402719693,0.1318509687170002,0.8525291147019413
7,2000,boundary_pair,20,10.05796842851688,8.393155743222577,8.445182505768619,0.9938394744565314,6.683976378291845,7.165726930333767,0.16433157245713956,0.6125835759975754
7,2000,half_int,20,10.05796842851688,8.405252781849219,8.445182505768619,0.9952718933081522,6.714206402772106,7.167387607356067,0.16716675600346428,0.5906861762938295
7,2000,hard,20,10.05796842851688,8.445182505768619,8.445182505768619,1.0,6.682295347680338,7.186494603310711,0.16053444980844708,0.6420891142272431
7,2000,paired_hann,20,10.05796842851688,8.680873783405954,8.445182505768619,1.027908369946575,6.728040484013036,7.142652089794865,0.08395900856547411,0.9982436270419691
7,2000,paired_riesz,20,10.05796842851688,8.463795358147538,8.445182505768619,1.002203960940596,6.788147060666233,7.4336116291699,0.27294234098435344,0.0835225251092955
7,2000,paired_triangle,20,10.05796842851688,9.033816520242278,8.445182505768619,1.0697005676397855,7.130188348470256,7.229983877408086,0.10014854880476629,0.9831034648500505
7,4000,antipair_03,20,7.760625762731245,17.046978965307083,6.061354888661608,2.8124040381128688,14.99138035881333,13.6969928532606,0.16721496479585712,0.5903152498278565
7,4000,antipair_05,20,7.760625762731245,28.098911583790535,6.061354888661608,4.635747633974123,24.951662774430588,22.249804273660992,0.212227717399857,0.29228692096101094
7,4000,boundary_pair,20,7.760625762731245,6.0542591672749415,6.061354888661608,0.9988293506126923,4.546323660528287,4.827507214748766,0.1520695650693655,0.7077956153156478
7,4000,half_int,20,7.760625762731245,6.059063182290988,6.061354888661608,0.9996219151637356,4.548183708684519,4.830886392039247,0.14845167844642534,0.7354456579251747
7,4000,hard,20,7.760625762731245,6.061354888661608,6.061354888661608,1.0,4.610634753247723,4.831581259606173,0.142417900945379,0.7802967857359023
7,4000,paired_hann,20,7.760625762731245,7.443448103928957,6.061354888661608,1.2280172074815645,5.363814269891009,6.406876685476163,0.16643717778254558,0.5963059570448724
7,4000,paired_riesz,20,7.760625762731245,6.660924222530047,6.061354888661608,1.0989167182720148,5.157271331758238,5.5942840567382515,0.16501843058402965,0.6072651064328546
7,4000,paired_triangle,20,7.760625762731245,7.324432475654508,6.061354888661608,1.2083820548695503,5.549771667225286,6.084153950598557,0.1506479245117061,0.718710909845862
8,500,antipair_03,20,45.73598851967803,63.76623507498344,43.051669474148184,1.4811559192442934,59.30091064982116,55.847381758876146,0.2061136505730085,0.3255597441788288
8,500,antipair_05,20,45.73598851967803,85.83640113689142,43.051669474148184,1.9937995944253628,72.14310474134982,74.41906903726048,0.15477801413661513,0.6868658138810124
8,500,boundary_pair,20,45.73598851967803,43.25005249749163,43.051669474148184,1.0046080216113935,34.971397913992405,35.928600892797114,0.14718144901483388,0.7450391879003141
8,500,half_int,20,45.73598851967803,43.15544625672119,43.051669474148184,1.0024105170331508,34.54717524535954,35.8383977283258,0.1467816354096665,0.7480441363263393
8,500,hard,20,45.73598851967803,43.051669474148184,43.051669474148184,1.0,34.09893502667546,35.635897514224055,0.1392420286095457,0.8030069889201441
8,500,paired_hann,20,45.73598851967803,42.44974673315259,43.051669474148184,0.9860185969940831,28.155291447415948,33.569740685028954,0.14187401588500037,0.7842366909882672
8,500,paired_riesz,20,45.73598851967803,42.31025879910749,43.051669474148184,0.9827785848006219,29.871018799953163,34.22183559765108,0.13946945660952365,0.8014055853412204
8,500,paired_triangle,20,45.73598851967803,41.93708894760835,43.051669474148184,0.9741106317094365,29.472756650298834,32.247957836277784,0.18846504319101387,0.4353194098235364
8,1000,antipair_03,20,35.94729942301512,62.34049738872967,38.769765924740256,1.6079668241934926,47.80635594204068,49.67428534445353,0.11986265896867643,0.9193881873510434
8,1000,antipair_05,20,35.94729942301512,85.51073500593571,38.769765924740256,2.2056035925501556,68.58574338816106,71.72060327623039,0.16612256547035356,0.5987328306593142
8,1000,boundary_pair,20,35.94729942301512,38.755663768703236,38.769765924740256,0.9996362589326849,29.88485431484878,30.39121120721102,0.14214358639983665,0.7822863829655298
8,1000,half_int,20,35.94729942301512,38.71643074096402,38.769765924740256,0.9986243098841564,29.465819774195552,30.354253181628884,0.13671273454139365,0.8205288704327494
8,1000,hard,20,35.94729942301512,38.769765924740256,38.769765924740256,1.0,29.127560671418905,30.379343851003796,0.13410262959627356,0.8380049040583072
8,1000,paired_hann,20,35.94729942301512,40.51014756600642,38.769765924740256,1.0448901766558143,32.35066586919129,32.74338162988424,0.1255259247998953,0.8901840902916304
8,1000,paired_riesz,20,35.94729942301512,40.18994162578075,38.769765924740256,1.0366310104579257,34.05530649609864,32.1716022525914,0.17850686942296612,0.5054461489806038
8,1000,paired_triangle,20,35.94729942301512,39.92457184771256,38.769765924740256,1.029786249553686,30.448352119885385,31.79561169911176,0.1420392809769056,0.7830415978636465
8,2000,antipair_03,20,27.969164114875493,43.371700121693245,21.695570018263002,1.9991039684683833,31.64444036781788,37.17318247156218,0.16025541342128968,0.6442616272551402
8,2000,antipair_05,20,27.969164114875493,66.71204633029707,21.695570018263002,3.0749155829572525,47.45250431634486,57.96744314082898,0.2318939835290516,0.20185183816711444
8,2000,boundary_pair,20,27.969164114875493,21.813003705653337,21.695570018263002,1.00541279566711,17.238496515899897,17.865832585887983,0.11929758364229559,0.9220463620109153
8,2000,half_int,20,27.969164114875493,21.760579011954704,21.695570018263002,1.0029964178694994,17.08718317374587,17.846096261730416,0.11879150176045616,0.9243862210402713
8,2000,hard,20,27.969164114875493,21.695570018263002,21.695570018263002,1.0,17.210925905033946,17.829067449085414,0.11942680281798679,0.9214427289624242
8,2000,paired_hann,20,27.969164114875493,35.077751614908316,21.695570018263002,1.616816317127432,31.0788533706218,28.63876603008248,0.1399847198737066,0.7977625417800406
8,2000,paired_riesz,20,27.969164114875493,30.187033938483772,21.695570018263002,1.39139160266694,26.40062397159636,25.125046578375624,0.13226362207205267,0.849907928737445
8,2000,paired_triangle,20,27.969164114875493,33.4578698289278,21.695570018263002,1.542152144459144,28.924204716458917,27.435522741498424,0.2082268132258026,0.31377827182896245
8,4000,antipair_03,20,21.580721507988248,37.89838404056456,16.711497798762995,2.26780295201127,27.178757809102535,31.921248386846855,0.18774436345421952,0.4402129033715225
8,4000,antipair_05,20,21.580721507988248,60.86975897755134,16.711497798762995,3.64238799600937,53.3252375042066,52.096082465397195,0.19413032610164316,0.3979322252650564
8,4000,boundary_pair,20,21.580721507988248,16.773955661534906,16.711497798762995,1.0037374186038868,12.045535800978541,13.465652894740924,0.08567437108261666,0.9976165694102361
8,4000,half_int,20,21.580721507988248,16.755094881747343,16.711497798762995,1.0026088076310895,12.028948718681931,13.451863275654613,0.08456129880799024,0.9980405671906252
8,4000,hard,20,21.580721507988248,16.711497798762995,16.711497798762995,1.0,11.854564607143402,13.387174109416083,0.08443459005440207,0.9980847626190819
8,4000,paired_hann,20,21.580721507988248,24.931120017282833,16.711497798762995,1.4918543099786223,21.14048046991229,20.943749083159492,0.13631600277416,0.8232266944790705
8,4000,paired_riesz,20,21.580721507988248,21.29576776305967,16.711497798762995,1.2743183178132607,18.306114713661373,17.664509709458798,0.14983848364541807,0.7248983364999936
8,4000,paired_triangle,20,21.580721507988248,25.41790340480331,16.711497798762995,1.520982961005732,20.686808278784156,21.25850306013599,0.12381241888776873,0.8994988693488726
9,500,antipair_03,20,129.06067096284153,183.33506077547952,109.81193108300602,1.6695368068602483,78.62431633472443,138.5834404848516,0.2581861051169654,0.11663965089348205
9,500,antipair_05,20,129.06067096284153,262.4022182176608,109.81193108300602,2.389560183759203,114.3519018292427,202.1876631643623,0.21299009773513433,0.28831253186837524
9,500,boundary_pair,20,129.06067096284153,109.0821974409921,109.81193108300602,0.9933546962081715,73.90389673411846,87.61398123055696,0.1040737344356289,0.9750776265132828
9,500,half_int,20,129.06067096284153,109.38100283843039,109.81193108300602,0.996075761164332,74.46797216683626,87.71955052241682,0.11040376320400347,0.9573962798422238
9,500,hard,20,129.06067096284153,109.81193108300602,109.81193108300602,1.0,73.54607667773962,87.96228135190904,0.11523767151605535,0.9397126892907687
9,500,paired_hann,20,129.06067096284153,113.76067316556836,109.81193108300602,1.0359591352562365,75.45328889787197,88.18549799248576,0.128460239246468,0.873328046541189
9,500,paired_riesz,20,129.06067096284153,106.46065675960823,109.81193108300602,0.9694816921044346,74.36326315999031,86.92947077974677,0.1721227708014738,0.552879526256243
9,500,paired_triangle,20,129.06067096284153,114.89522628316809,109.81193108300602,1.0462909189377578,80.6930059492588,90.68275303989648,0.10699609558642253,0.9676698542726027
9,1000,antipair_03,20,101.43833626423948,168.62557958114155,84.77156502028421,1.9891762000712465,104.30509521067142,133.95348868519068,0.12808512656614035,0.875544223616791
9,1000,antipair_05,20,101.43833626423948,250.22538690707847,84.77156502028421,2.951760851025982,149.01948501169682,201.33358899243177,0.1586907766967161,0.6564459409161691
9,1000,boundary_pair,20,101.43833626423948,84.63235595887997,84.77156502028421,0.9983578330614642,50.76153413951397,62.24117533974349,0.14985885893977885,0.7247428536825571
9,1000,half_int,20,101.43833626423948,84.60997523822175,84.77156502028421,0.9980938209407388,50.7061423510313,62.231995737552644,0.14887177932380818,0.7322582068586493
9,1000,hard,20,101.43833626423948,84.77156502028421,84.77156502028421,1.0,51.866695791482925,62.51677100844681,0.15406288573719587,0.6924061122435096
9,1000,paired_hann,20,101.43833626423948,101.2406590876724,84.77156502028421,1.1942761592692956,77.07227995991707,81.20431346967817,0.16533673457648002,0.60480309606963
9,1000,paired_riesz,20,101.43833626423948,96.12648186636939,84.77156502028421,1.1339472362385685,58.903920739889145,74.59434130191804,0.17855573482843634,0.5050897475014398
9,1000,paired_triangle,20,101.43833626423948,100.26259870019238,84.77156502028421,1.1827385595181765,67.58181484043598,79.76517977751791,0.12602564207656905,0.8873927075367485
9,2000,antipair_03,20,78.92513540802928,166.6190414005462,63.87861931888703,2.6083694853949644,91.76039707660675,131.27348754927516,0.13903885193100468,0.8044341665445959
9,2000,antipair_05,20,78.92513540802928,250.66542323751446,63.87861931888703,3.9240895609558057,136.65553417801857,199.08827078938484,0.13563587437985342,0.8278178426258465
9,2000,boundary_pair,20,78.92513540802928,64.01677879079766,63.87861931888703,1.002162843739952,42.55937963724136,47.374171814695,0.1778346122448523,0.5103603563360545
9,2000,half_int,20,78.92513540802928,64.02442687879609,63.87861931888703,1.0022825721886877,42.713882103562355,47.39636259190738,0.1780307125433977,0.5089247406275337
9,2000,hard,20,78.92513540802928,63.87861931888703,63.87861931888703,1.0,42.83161635696888,47.23548944406211,0.1803839328079469,0.4918364247720057
9,2000,paired_hann,20,78.92513540802928,85.1634608071986,63.87861931888703,1.3332076008414644,51.22318221628666,63.76546189822257,0.17027748058513437,0.5668724122485274
9,2000,paired_riesz,20,78.92513540802928,76.86043505424087,63.87861931888703,1.2032263044156857,40.89879289269447,56.30978077240288,0.1515268756650423,0.7119690805791055
9,2000,paired_triangle,20,78.92513540802928,83.3961322471727,63.87861931888703,1.3055406196375774,48.975404396653175,62.984414572641256,0.14320601639247965,0.7745535317756593
9,4000,antipair_03,20,60.897828774048236,156.43078443898312,47.54433737968659,3.290208530823241,104.10868325829506,125.64364466518164,0.12106709577664898,0.9135636221594962
9,4000,antipair_05,20,60.897828774048236,240.24162797768008,47.54433737968659,5.053001918170045,154.95379497110844,194.32890837192537,0.10517738688830902,0.9724286139272627
9,4000,boundary_pair,20,60.897828774048236,47.63706027369672,47.54433737968659,1.0019502405358949,30.704266220331192,36.01998124234378,0.1185861865601483,0.9253244385484641
9,4000,half_int,20,60.897828774048236,47.604306369222016,47.54433737968659,1.0012613276962201,31.170717403292656,36.04091083519161,0.11784855652611503,0.9286422149242121
9,4000,hard,20,60.897828774048236,47.54433737968659,47.54433737968659,1.0,31.644615441560745,36.05537479519844,0.11634921264520248,0.9351287239178027
9,4000,paired_hann,20,60.897828774048236,65.8007000081881,47.54433737968659,1.383986056692875,44.350329995155334,47.64269663654268,0.16436795094157597,0.6123017032422647
9,4000,paired_riesz,20,60.897828774048236,56.98872024169967,47.54433737968659,1.1986436951805792,37.851694747805595,42.76081604994833,0.20289337322629164,0.344084507110786
9,4000,paired_triangle,20,60.897828774048236,65.26363471177473,47.54433737968659,1.3726899628568332,45.17889477312565,48.056085558235644,0.19479802384656264,0.39365589628176495
