x,pi_x,K_sustained,sqrt_x,K_log2x,abs_err_at_K_log2x,hit_at_K_log2x,K_log3x,abs_err_at_K_log3x,hit_at_K_log3x,K_5log2x,abs_err_at_K_5log2x,hit_at_K_5log2x,K_sqrtx,abs_err_at_K_sqrtx,hit_at_K_sqrtx,K_halfsqrtx,abs_err_at_K_halfsqrtx,hit_at_K_halfsqrtx
1000000.0,78498,5530,1000.0,191,3.084335770778125,0,2637,1.3394022938009584,0,954,1.8018874232366215,0,1000,2.5925826003513066,0,500,4.6532866249617655,0
1029960.36580999,80699,-1,1014.8696299574591,192,1.8332843080861494,0,2654,0.012467157968785614,1,958,1.7681124920927687,0,1015,1.821178689642693,0,507,3.4135185644990997,0
1060818.3551394483,82893,5663,1029.96036580999,193,5.3693856459867675,0,2671,1.4504411545349285,0,963,2.003420969907893,0,1030,2.1239298278378556,0,515,3.7141807538137073,0
1092600.8611173779,85175,6928,1045.2754953204337,193,4.247325537580764,0,2688,0.2925314652384259,1,967,0.3559441503311973,1,1045,0.3166563713020878,1,523,1.452395656509907,0
1125335.5826007645,87544,6840,1060.8183551394482,194,1.7603003009571694,0,2705,0.0009399743576068431,1,971,1.6872474807896651,0,1061,2.2876408149750205,0,530,0.5701896036916878,0
1159051.0483144815,89967,-1,1076.5923315324521,195,0.709367489995202,0,2722,0.31540074331860524,1,975,2.710643476326368,0,1077,2.3414093432365917,0,538,5.973207555536646,0
1193776.6417144358,92499,-1,1092.600861117378,196,1.4076549802848604,0,2740,2.5222721452300902,0,979,2.711071787867695,0,1093,2.477933448390104,0,546,2.0872455245553283,0
1229542.6265956215,95023,-1,1108.8474316133945,197,6.074917408579495,0,2757,2.9629682771483203,0,983,5.396294929945725,0,1109,5.252927920097136,0,554,1.5141790755733382,0
1266380.173467402,97647,-1,1125.3355826007646,197,4.811687290071859,0,2774,1.8548914888815489,0,987,5.087980138006969,0,1125,4.245560721959919,0,563,8.341836158084334,0
1304321.386719004,100340,-1,1142.0689062919996,198,11.608851661236258,0,2792,4.437710413680179,0,991,6.332670031581074,0,1142,6.835594489588402,0,571,8.774082410061965,0
1343399.3325988988,103103,-1,1159.0510483144817,199,10.317291571569513,0,2810,0.6866115095472196,0,996,0.45905187910830136,1,1159,1.775278554734541,0,580,1.9406690762552898,0
1383648.068032461,105934,-1,1176.2857085047242,200,4.316703682037769,0,2827,1.4379309944051784,0,1000,5.534458298032405,0,1176,5.021729483574745,0,588,8.580106098102988,0
1425102.6703029992,108851,6756,1193.776641714437,201,3.1135717444267357,0,2845,3.276872309972532,0,1004,1.7517410757573089,0,1194,1.527428139335825,0,597,0.01182090601650998,1
1467799.2676220706,111900,6743,1211.5276586285888,202,9.990154721730505,0,2863,3.165646853594808,0,1008,6.1957157834549434,0,1212,3.2534599433711264,0,606,3.4183468910632655,0
1511775.070615663,115016,7205,1229.5426265956228,202,2.4852801625820575,0,2881,0.8134515012498014,0,1012,0.6503131156787276,0,1230,0.7036958250391763,0,615,1.5296088956383755,0
1557068.4047537316,118164,7940,1247.8254704700219,203,3.355433750009979,0,2899,0.9706535581935896,0,1016,1.3383134342147969,0,1248,3.3663708799576852,0,624,3.116652511394932,0
1603718.743751331,121413,-1,1266.3801734674034,204,7.519636632176116,0,2917,0.8436161913123215,0,1021,3.5312783762055915,0,1266,0.8161327657144284,0,633,4.609579798561754,0
1651766.7439704584,124759,7331,1285.2107780323267,205,1.7374100160232047,0,2935,1.7558416628889972,0,1025,2.0211142712360015,0,1285,3.1346406358497916,0,643,0.37898776702058967,1
1701254.2798525891,128227,-1,1304.3213867190054,206,6.189654243338737,0,2953,3.601122401334578,0,1029,5.108617810343276,0,1304,6.623134085646598,0,652,2.5103101559652714,0
1752224.4804127838,131766,-1,1323.716163085117,207,5.6742504264984746,0,2971,1.0869691293046344,0,1033,4.00793152715778,0,1324,2.2076945885200985,0,662,3.227615771611454,0
1804721.7668271703,135392,-1,1343.3993325989002,208,5.669067574315704,0,2990,1.6794262545590755,0,1038,1.6973460427543614,0,1343,0.4088950095756445,1,672,2.4993428760790266,0
1858791.8911465635,139164,6818,1363.3751835597432,208,0.8342138864391018,0,3008,0.079873142298311,1,1042,3.2653201485809404,0,1363,2.3061795490793884,0,682,1.170052019006107,0
1914481.9761699575,143032,-1,1383.6480680324594,209,2.330372048658319,0,3027,2.452792957308702,0,1046,3.4973136019834783,0,1384,3.2881012460857164,0,692,6.696537397627253,0
1971840.556512642,146976,-1,1404.2224027954553,210,5.108259329223074,0,3045,1.4254827149852645,0,1050,3.5414904474746436,0,1404,3.9451937423436902,0,702,4.33764558963594,0
2030917.6209047348,151080,-1,1425.1026703029977,211,6.163026823749533,0,3064,1.418499892752152,0,1055,0.04531035025138408,1,1425,1.678332846146077,0,713,2.772831087000668,0
2091764.655756995,155250,-1,1446.2934196617903,212,5.938905017246725,0,3083,0.13080024151713587,1,1059,4.0866165677434765,0,1446,1.9541331908549182,0,723,2.016711215052055,0
2154434.6900318824,159555,-1,1467.799267622069,213,6.783028408390237,0,3101,1.5648875622136984,0,1063,1.6974040411878377,0,1468,0.00036812189500778913,1,734,0.2918773792916909,1
2218982.3414589697,163956,7997,1489.6248995834387,214,2.1500287025992293,0,3120,1.1535260777454823,0,1068,0.4466654873394873,1,1490,1.8147534492891282,0,745,1.3665357586869504,0
2285463.8641349883,168515,-1,1511.7750706156614,214,11.292728402360808,0,3139,1.5267262463166844,0,1072,1.219947534496896,0,1512,0.20885314117185771,1,756,2.4940656525141094,0
2353937.1975499904,173142,-1,1534.2546064946296,215,9.313664351095213,0,3158,1.4192324736795854,0,1076,0.9225991309504025,0,1534,1.8711792503017932,0,767,1.3000906514935195,0
2424462.017082331,177952,-1,1557.0684047537318,216,0.011123081960249692,1,3177,2.7075360060844105,0,1081,4.009844076295849,0,1557,3.1191554332035594,0,779,3.682876492384821,0
2497099.7860065433,182870,-1,1580.2214357508708,217,3.1678642831684556,0,3196,1.354507875686977,0,1085,2.72951016749721,0,1580,1.0729582916828804,0,790,0.08288814598927274,1
2571913.809059347,187943,-1,1603.718743751331,218,9.36249534052331,0,3216,3.7652968972397503,0,1089,1.812152373342542,0,1604,4.435701868409524,0,802,3.4527153302915394,0
2648969.2876105295,193190,-1,1627.5654480267542,219,1.3440688578411937,0,3235,3.588819573400542,0,1094,2.947838515188778,0,1628,0.6893775261123665,0,814,2.8200074599008076,0
2728333.3764867694,198548,-1,1651.7667439704583,220,7.818812823825283,0,3254,0.8074034065648448,0,1098,4.61596076094429,0,1652,1.8430761215277016,0,826,7.394067035726039,0
2810075.242497918,204058,7463,1676.3279042293361,220,2.579983560630353,0,3274,1.032560725871008,0,1102,0.4552275990135968,1,1676,2.8183970771788154,0,838,0.838387524796417,0
2894266.1247167517,209724,-1,1701.2542798525892,221,2.571522250655107,0,3293,2.9448377070366405,0,1107,3.958308873407077,0,1701,4.648142555030063,0,851,4.12187062369776,0
2980979.3965647276,215531,-1,1726.5513014575408,222,0.4445244216185529,1,3313,1.9312391682469752,0,1111,0.09880751022137702,1,1727,3.2684754985093605,0,863,0.2958672321110498,1
3070290.62975785,221478,7076,1752.2244804127838,223,10.439235379220918,0,3333,2.5103223987098318,0,1116,3.1613642793963663,0,1752,1.3461708495742641,0,876,2.512867951503722,0
3162277.6601683795,227647,-1,1778.2794100389228,224,14.04207580673392,0,3353,5.147280908073299,0,1120,12.470511769555742,0,1778,6.9225701825344,0,889,11.738201833999483,0
