direction,c,n_on_line,n_primes,density,n_quadratics,quadratics,hl_constants,hl_mean,hl_max,predicted_density_x_logN
"(1, -1)",-18,299,121,0.40468227424749165,2,"[(4, 68, 307), (4, 80, 383)]","[2.8409, 4.6815]",3.7611945679501684,4.681475579791103,1.8805972839750842
"(1, -1)",-58,259,109,0.42084942084942084,2,"[(4, 228, 3307), (4, 240, 3543)]","[6.0204, 2.7475]",4.383973390355505,6.020419944731339,2.1919866951777527
"(1, 1)",-40,276,108,0.391304347826087,2,"[(4, 158, 1601), (4, 170, 1767)]","[6.6218, 1.2227]",3.922246166247182,6.6218321146353745,1.961123083123591
"(1, -1)",2,314,105,0.3343949044585987,2,"[(4, 8, 7), (4, 20, 23)]","[2.2271, 3.666]",2.946520123154849,3.6659745901944847,1.4732600615774245
"(1, -1)",-28,289,98,0.3391003460207612,2,"[(4, 108, 757), (4, 120, 873)]","[3.908, 2.7311]",3.3195531217213454,3.90797907381723,1.6597765608606727
"(1, -1)",6,310,98,0.3161290322580645,2,"[(4, 24, 43), (4, 36, 75)]","[3.908, 2.0641]",2.986016670132135,3.90797907381723,1.4930083350660674
"(1, -1)",-4,313,96,0.30670926517571884,2,"[(4, 12, 13), (4, 24, 33)]","[2.7397, 2.7311]",2.7354192655618794,2.7397113614982986,1.3677096327809397
"(1, -1)",8,308,94,0.3051948051948052,2,"[(4, 32, 73), (4, 44, 113)]","[1.8265, 3.666]",2.746224415596674,3.6659745901944847,1.373112207798337
"(1, -1)",24,292,85,0.2910958904109589,2,"[(4, 96, 601), (4, 108, 705)]","[3.6529, 2.0641]",2.8585013742223846,3.6529484819977296,1.4292506871111923
"(1, 1)",-30,286,84,0.2937062937062937,2,"[(4, 118, 901), (4, 130, 1027)]","[2.474, 3.2341]",2.854038967734806,3.2340818121132964,1.427019483867403
"(1, -1)",-42,275,83,0.3018181818181818,2,"[(4, 164, 1723), (4, 176, 1895)]","[2.0896, 3.3352]",2.712355533060245,3.335156161946178,1.3561777665301225
"(1, -1)",12,304,83,0.2730263157894737,2,"[(4, 48, 157), (4, 60, 213)]","[2.5448, 2.7311]",2.637942813433182,2.7311271696254606,1.318971406716591
"(1, 1)",-2,314,83,0.2643312101910828,2,"[(4, 6, 5), (4, 18, 19)]","[1.0121, 3.5149]",2.2634861010103857,3.514885510863132,1.1317430505051929
"(1, 1)",-16,300,82,0.2733333333333333,2,"[(4, 62, 257), (4, 74, 327)]","[4.1605, 1.0138]",2.5871336475456266,4.160474502129204,1.2935668237728133
"(1, -1)",-22,295,81,0.2745762711864407,2,"[(4, 84, 463), (4, 96, 555)]","[3.5014, 1.855]",2.6781826762665126,3.5013769550437415,1.3390913381332563
"(1, -1)",20,296,81,0.27364864864864863,2,"[(4, 80, 421), (4, 92, 509)]","[1.3556, 3.5149]",2.435235090485429,3.514885510863132,1.2176175452427145
"(1, -1)",-34,283,78,0.2756183745583039,2,"[(4, 132, 1123), (4, 144, 1263)]","[1.8931, 3.1753]",2.53423708082453,3.1753393816239046,1.267118540412265
"(1, -1)",-48,269,77,0.2862453531598513,2,"[(4, 188, 2257), (4, 200, 2453)]","[2.2271, 3.5071]",2.867069890405517,3.507074124695821,1.4335349452027586
"(1, -1)",-12,305,77,0.25245901639344265,2,"[(4, 44, 133), (4, 56, 185)]","[2.2271, 2.2725]",2.2497755224262757,2.272485388737338,1.1248877612131378
"(1, -1)",14,302,77,0.25496688741721857,2,"[(4, 56, 211), (4, 68, 275)]","[2.5356, 2.2705]",2.4030729842243423,2.535642613160996,1.2015364921121712
"(1, -1)",62,254,77,0.3031496062992126,2,"[(4, 248, 3907), (4, 260, 4163)]","[2.6053, 3.8326]",3.218958572759229,3.832597762973639,1.6094792863796146
"(1, -1)",32,284,76,0.2676056338028169,2,"[(4, 128, 1057), (4, 140, 1193)]","[1.8226, 3.666]",2.74427836718747,3.6659745901944847,1.372139183593735
"(1, 1)",0,316,76,0.24050632911392406,2,"[(4, -2, 1), (4, 10, 7)]","[2.2271, 2.2271]",2.2270656561152133,2.2270656561152133,1.1135328280576067
"(1, -1)",-6,311,74,0.2379421221864952,2,"[(4, 20, 31), (4, 32, 59)]","[1.4035, 3.5149]",2.459197677631246,3.514885510863132,1.229598838815623
"(1, -1)",42,274,74,0.27007299270072993,2,"[(4, 168, 1807), (4, 180, 1983)]","[3.1994, 2.0387]",2.619019910991015,3.1993693730710535,1.3095099554955074
"(1, -1)",66,250,74,0.296,2,"[(4, 264, 4423), (4, 276, 4695)]","[4.1605, 1.5802]",2.8703269795562627,4.160474502129204,1.4351634897781314
"(1, 1)",-6,310,74,0.23870967741935484,2,"[(4, 22, 37), (4, 34, 67)]","[2.2271, 1.855]",2.0410270268022486,2.2270656561152133,1.0205135134011243
"(1, -1)",-64,253,72,0.2845849802371542,2,"[(4, 252, 4033), (4, 264, 4293)]","[2.7397, 3.0154]",2.8775664124130693,3.01542146332784,1.4387832062065347
"(1, -1)",-88,229,71,0.31004366812227074,2,"[(4, 348, 7657), (4, 360, 8013)]","[3.5014, 2.3856]",2.9434943402687335,3.5013769550437415,1.4717471701343667
"(1, -1)",-78,239,71,0.29707112970711297,2,"[(4, 308, 6007), (4, 320, 6323)]","[3.0081, 3.0553]",3.0317240987400482,3.0553493028235827,1.5158620493700241
"(1, -1)",-16,301,71,0.23588039867109634,2,"[(4, 60, 241), (4, 72, 309)]","[2.7397, 1.8023]",2.2710207067061967,2.7397113614982986,1.1355103533530984
"(1, -1)",38,278,71,0.25539568345323743,2,"[(4, 152, 1483), (4, 164, 1643)]","[1.8918, 3.3004]",2.596127808779263,3.3004390759265254,1.2980639043896316
"(1, 1)",-110,206,71,0.3446601941747573,2,"[(4, 438, 12101), (4, 450, 12547)]","[1.4241, 5.6792]",3.551622337450526,5.679173169812192,1.775811168725263
"(1, -1)",48,268,70,0.26119402985074625,2,"[(4, 192, 2353), (4, 204, 2553)]","[2.3483, 2.7311]",2.5397255968834287,2.7311271696254606,1.2698627984417143
"(1, -1)",-24,293,69,0.2354948805460751,2,"[(4, 92, 553), (4, 104, 653)]","[1.4035, 2.7874]",2.095464789833837,2.7874197352683145,1.0477323949169186
"(1, -1)",36,280,68,0.24285714285714285,2,"[(4, 144, 1333), (4, 156, 1485)]",[4.7395],4.7395283977535545,4.7395283977535545,2.3697641988767773
"(1, 1)",-20,296,68,0.22972972972972974,2,"[(4, 78, 401), (4, 90, 487)]","[0.9694, 3.0553]",2.012399426527734,3.0553493028235827,1.006199713263867
"(1, -1)",-118,199,67,0.33668341708542715,2,"[(4, 468, 13807), (4, 480, 14283)]","[2.5409, 3.2341]",2.8874841105665796,3.2340818121132964,1.4437420552832898
"(1, -1)",68,248,67,0.2701612903225806,2,"[(4, 272, 4693), (4, 284, 4973)]","[1.2135, 4.6815]",2.9474723889339387,4.681475579791103,1.4737361944669694
"(1, -1)",98,218,67,0.3073394495412844,2,"[(4, 392, 9703), (4, 404, 10103)]","[2.0242, 4.3992]",3.2116714452743302,4.399169508233381,1.6058357226371651
"(1, -1)",132,184,67,0.3641304347826087,2,"[(4, 528, 17557), (4, 540, 18093)]","[4.4277, 3.1753]",3.801517518446113,4.427695655268321,1.9007587592230566
"(1, 1)",-44,272,67,0.24632352941176472,2,"[(4, 174, 1937), (4, 186, 2119)]","[0.8094, 4.0336]",2.4214866986171284,4.0335965083275775,1.2107433493085642
"(1, -1)",-46,271,66,0.24354243542435425,2,"[(4, 180, 2071), (4, 192, 2259)]","[2.2873, 2.3433]",2.3152968042382787,2.3432570072420855,1.1576484021191393
"(1, -1)",-30,287,66,0.22996515679442509,2,"[(4, 116, 871), (4, 128, 995)]","[1.7261, 2.233]",1.9795657089173386,2.233003738089629,0.9897828544586693
"(1, -1)",26,290,66,0.22758620689655173,2,"[(4, 104, 703), (4, 116, 815)]","[2.2271, 2.3733]",2.3001977846394697,2.3733299131637255,1.1500988923197348
"(1, -1)",72,244,66,0.27049180327868855,2,"[(4, 288, 5257), (4, 300, 5553)]","[3.0854, 2.444]",2.764704630941386,3.0854262017531173,1.382352315470693
"(1, -1)",-84,233,65,0.27896995708154504,2,"[(4, 332, 6973), (4, 344, 7313)]","[1.3556, 4.2511]",2.803361042326241,4.251137414544756,1.4016805211631205
"(1, -1)",92,224,65,0.29017857142857145,2,"[(4, 368, 8557), (4, 380, 8933)]","[3.3654, 2.7874]",3.076413677398805,3.365407619529296,1.5382068386994026
"(1, 1)",-10,306,65,0.21241830065359477,2,"[(4, 38, 101), (4, 50, 147)]","[3.1994, 1.2398]",2.21957794663075,3.1993693730710535,1.109788973315375
"(1, -1)",56,260,64,0.24615384615384617,2,"[(4, 224, 3193), (4, 236, 3425)]","[2.505, 2.2705]",2.387752918258605,2.5050024812295213,1.1938764591293025
"(1, 1)",-74,242,63,0.2603305785123967,2,"[(4, 294, 5477), (4, 306, 5779)]","[0.6214, 4.9422]",2.7818066567748025,4.942205212674635,1.3909033283874013
"(1, -1)",-100,217,62,0.2857142857142857,2,"[(4, 396, 9901), (4, 408, 10305)]","[3.6529, 1.515]",2.5839693705779774,3.6529484819977296,1.2919846852889887
"(1, -1)",-36,281,62,0.2206405693950178,2,"[(4, 140, 1261), (4, 152, 1409)]","[1.8265, 2.6462]",2.2363250217290798,2.646175802459296,1.1181625108645399
"(1, -1)",122,194,62,0.31958762886597936,2,"[(4, 488, 15007), (4, 500, 15503)]","[2.474, 4.2732]",3.3736180087894856,4.273239894222655,1.6868090043947428
"(1, 1)",-66,250,62,0.248,2,"[(4, 262, 4357), (4, 274, 4627)]","[3.8643, 1.4887]",2.676508964717605,3.8643487707087907,1.3382544823588025
"(1, -1)",18,298,61,0.20469798657718122,2,"[(4, 72, 343), (4, 84, 423)]","[1.8775, 2.444]",2.1607534995381026,2.4439830601296544,1.0803767497690513
"(1, 1)",-100,216,61,0.2824074074074074,2,"[(4, 398, 10001), (4, 410, 10407)]","[5.1234, 1.2767]",3.200038839966586,5.1234224517775795,1.600019419983293
"(1, 1)",-46,270,61,0.22592592592592592,2,"[(4, 182, 2117), (4, 194, 2307)]","[3.349, 0.8812]",2.11510750989273,3.348995810512286,1.057553754946365
"(1, -1)",30,286,60,0.2097902097902098,2,"[(4, 120, 931), (4, 132, 1059)]","[2.4541, 1.7074]",2.0807699806377764,2.454120198046684,1.0403849903188882
"(1, -1)",80,236,60,0.2542372881355932,2,"[(4, 320, 6481), (4, 332, 6809)]","[1.8265, 3.5149]",2.6706798759309978,3.514885510863132,1.3353399379654989
"(1, -1)",96,220,60,0.2727272727272727,2,"[(4, 384, 9313), (4, 396, 9705)]","[3.652, 2.0641]",2.8580437430638477,3.6520332196806558,1.4290218715319238
"(1, -1)",162,153,60,0.39215686274509803,2,"[(4, 648, 26407), (4, 660, 27063)]","[6.6218, 2.444]",4.532907587382514,6.6218321146353745,2.266453793691257
"(1, 1)",-58,258,60,0.23255813953488372,2,"[(4, 230, 3365), (4, 242, 3603)]","[3.8254, 0.88]",2.3526687298898623,3.8253694733721337,1.1763343649449312
"(1, 1)",-36,280,60,0.21428571428571427,2,"[(4, 142, 1297), (4, 154, 1447)]","[2.6725, 1.3842]",2.0283471196138105,2.6724787873382554,1.0141735598069053
"(1, 1)",-12,304,60,0.19736842105263158,2,"[(4, 46, 145), (4, 58, 199)]","[1.421, 2.3433]",1.882123918609736,2.3432570072420855,0.941061959304868
"(1, -1)",54,262,59,0.22519083969465647,2,"[(4, 216, 2971), (4, 228, 3195)]","[2.5762, 2.0641]",2.320124272947227,2.576194279447414,1.1600621364736134
"(1, -1)",84,232,59,0.2543103448275862,2,"[(4, 336, 7141), (4, 348, 7485)]","[3.3524, 1.855]",2.603691703749434,3.3523950100095843,1.301845851874717
"(1, 1)",-50,266,59,0.22180451127819548,2,"[(4, 198, 2501), (4, 210, 2707)]","[1.1649, 3.1707]",2.1677681056792153,3.170656011665169,1.0838840528396076
"(1, 1)",-32,284,59,0.20774647887323944,2,"[(4, 126, 1025), (4, 138, 1159)]","[0.66, 3.5149]",2.0874391261999676,3.514885510863132,1.0437195630999838
"(1, -1)",44,272,58,0.21323529411764705,2,"[(4, 176, 1981), (4, 188, 2165)]","[2.1214, 2.2725]",2.1969198411744033,2.272485388737338,1.0984599205872017
"(1, -1)",50,266,58,0.21804511278195488,2,"[(4, 200, 2551), (4, 212, 2759)]","[1.421, 2.9328]",2.176885251066487,2.9327796721555877,1.0884426255332436
"(1, 1)",-106,210,58,0.2761904761904762,2,"[(4, 422, 11237), (4, 434, 11667)]","[5.2063, 0.7137]",2.9599750077065883,5.20626372648138,1.4799875038532941
"(1, -1)",-148,169,57,0.33727810650887574,2,"[(4, 588, 21757), (4, 600, 22353)]","[4.7395, 2.341]",3.540247271573402,4.7395283977535545,1.770123635786701
"(1, 1)",-60,256,57,0.22265625,2,"[(4, 238, 3601), (4, 250, 3847)]","[2.2271, 2.4258]",2.3264571404158954,2.4258486247165774,1.1632285702079477
"(1, 1)",-18,298,57,0.1912751677852349,2,"[(4, 70, 325), (4, 82, 403)]","[1.7817, 1.6174]",1.6995063596896132,1.7816525248921706,0.8497531798448066
"(1, -1)",-130,187,56,0.2994652406417112,2,"[(4, 516, 16771), (4, 528, 17295)]","[4.3309, 2.0938]",3.2123706587958107,4.33094619812476,1.6061853293979054
"(1, -1)",-72,245,56,0.22857142857142856,2,"[(4, 284, 5113), (4, 296, 5405)]","[2.8409, 1.9762]",2.408567196887001,2.8409135561092334,1.2042835984435005
"(1, 1)",-8,308,56,0.18181818181818182,2,"[(4, 30, 65), (4, 42, 103)]","[0.9241, 2.233]",1.5785432605982659,2.233003738089629,0.7892716302991329
"(1, -1)",-60,257,55,0.2140077821011673,2,"[(4, 236, 3541), (4, 248, 3785)]","[2.5356, 2.3434]",2.439543996975519,2.535642613160996,1.2197719984877595
"(1, 1)",-4,312,55,0.1762820512820513,2,"[(4, 14, 17), (4, 26, 39)]","[1.8775, 1.617]",1.7472824225015993,1.8775239389465506,0.8736412112507996
"(1, -1)",-108,209,54,0.2583732057416268,2,"[(4, 428, 11557), (4, 440, 11993)]","[2.2271, 3.07]",2.6485355651771494,3.070005474239085,1.3242677825885747
"(1, -1)",-102,215,54,0.25116279069767444,2,"[(4, 404, 10303), (4, 416, 10715)]","[3.55, 2.3995]",2.9747300929253573,3.5500067078315642,1.4873650464626786
"(1, -1)",-70,247,54,0.21862348178137653,2,"[(4, 276, 4831), (4, 288, 5115)]","[3.0244, 1.6174]",2.320880667443664,3.0244011404002724,1.160440333721832
"(1, -1)",78,238,54,0.226890756302521,2,"[(4, 312, 6163), (4, 324, 6483)]","[2.4001, 1.9029]",2.151494544380789,2.400069963013545,1.0757472721903945
"(1, -1)",-144,173,53,0.3063583815028902,2,"[(4, 572, 20593), (4, 584, 21173)]","[1.8265, 4.5839]",3.205183315547037,4.58389239009521,1.6025916577735184
"(1, -1)",-66,251,53,0.21115537848605578,2,"[(4, 260, 4291), (4, 272, 4559)]","[1.1727, 3.2248]",2.1987080256245677,3.2247586732491884,1.0993540128122838
"(1, 1)",-24,292,53,0.1815068493150685,2,"[(4, 94, 577), (4, 106, 679)]","[2.0242, 1.9237]",1.9739379043750787,2.0241733823152797,0.9869689521875393
"(1, 1)",-14,302,53,0.17549668874172186,2,"[(4, 54, 197), (4, 66, 259)]","[0.744, 2.7829]",1.7634356064862637,2.782850748063283,0.8817178032431319
"(1, -1)",-142,175,52,0.29714285714285715,2,"[(4, 564, 20023), (4, 576, 20595)]","[4.5388, 1.3842]",2.9615074423503724,4.538799432811379,1.4807537211751862
"(1, -1)",-54,263,51,0.19391634980988592,2,"[(4, 212, 2863), (4, 224, 3083)]","[1.4035, 2.7829]",2.0931802962313215,2.782850748063283,1.0465901481156608
"(1, -1)",-40,277,51,0.18411552346570398,2,"[(4, 156, 1561), (4, 168, 1725)]","[2.1738, 1.4455]",1.8096191856424064,2.173787084182187,0.9048095928212032
"(1, -1)",-126,191,50,0.2617801047120419,2,"[(4, 500, 15751), (4, 512, 16259)]","[1.6652, 3.5149]",2.5900441079047205,3.514885510863132,1.2950220539523603
"(1, -1)",-52,265,50,0.18867924528301888,2,"[(4, 204, 2653), (4, 216, 2865)]","[2.5448, 1.4137]",1.979216265776334,2.544758457240903,0.989608132888167
"(1, -1)",-8,309,50,0.16181229773462782,2,"[(4, 28, 57), (4, 40, 93)]","[1.4205, 1.5077]",1.464083754859268,1.50771073166392,0.732041877429634
"(1, -1)",0,316,50,0.15822784810126583,2,"[(4, 0, 1), (4, 12, 9)]",[2.7397],2.7397113614982986,2.7397113614982986,1.3698556807491493
"(1, 1)",-80,236,50,0.211864406779661,2,"[(4, 318, 6401), (4, 330, 6727)]","[1.5369, 2.9758]",2.2563660765107665,2.9757852978333488,1.1281830382553832
"(1, -1)",-168,149,49,0.3288590604026846,2,"[(4, 668, 28057), (4, 680, 28733)]","[2.0896, 5.5142]",3.801892447740407,5.514229991306502,1.9009462238702035
"(1, -1)",-114,203,49,0.2413793103448276,2,"[(4, 452, 12883), (4, 464, 13343)]","[1.6122, 3.2548]",2.4335324277101487,3.254815876627292,1.2167662138550743
"(1, -1)",-112,205,49,0.23902439024390243,2,"[(4, 444, 12433), (4, 456, 12885)]","[3.908, 1.5504]",2.7292005697413777,3.90797907381723,1.3646002848706889
"(1, -1)",90,226,49,0.2168141592920354,2,"[(4, 360, 8191), (4, 372, 8559)]","[2.1176, 2.6852]",2.4014017495570457,2.685249497488182,1.2007008747785228
"(1, -1)",108,208,49,0.23557692307692307,2,"[(4, 432, 11773), (4, 444, 12213)]","[2.338, 2.7311]",2.5345430395022785,2.7311271696254606,1.2672715197511393
"(1, 1)",-170,146,49,0.3356164383561644,2,"[(4, 678, 28901), (4, 690, 29587)]","[1.8249, 5.3889]",3.606913734985691,5.3888882662864495,1.8034568674928455
"(1, 1)",-26,290,49,0.16896551724137931,2,"[(4, 102, 677), (4, 114, 787)]","[1.1264, 2.3995]",1.7629327071815553,2.3994534780191508,0.8814663535907776
"(1, -1)",-106,211,48,0.22748815165876776,2,"[(4, 420, 11131), (4, 432, 11559)]","[2.3084, 2.3356]",2.3220088378951305,2.33564863252243,1.1610044189475652
"(1, -1)",-76,241,48,0.1991701244813278,2,"[(4, 300, 5701), (4, 312, 6009)]","[1.8775, 2.1849]",2.031212837323458,2.184901735700366,1.015606418661729
"(1, -1)",74,242,48,0.19834710743801653,2,"[(4, 296, 5551), (4, 308, 5855)]","[1.7817, 2.0163]",1.8989641572848925,2.0162757896776147,0.9494820786424463
"(1, 1)",-94,222,48,0.21621621621621623,2,"[(4, 374, 8837), (4, 386, 9219)]","[3.0036, 1.0587]",2.031185050418242,3.00364331168771,1.015592525209121
"(1, 1)",-62,254,48,0.1889763779527559,2,"[(4, 246, 3845), (4, 258, 4099)]","[0.6685, 3.0128]",1.8406220896182528,3.012759009311256,0.9203110448091264
"(1, -1)",-90,227,47,0.20704845814977973,2,"[(4, 356, 8011), (4, 368, 8375)]","[1.4492, 2.8946]",2.171906170436287,2.894620951417783,1.0859530852181436
"(1, -1)",102,214,47,0.21962616822429906,2,"[(4, 408, 10507), (4, 420, 10923)]","[2.9478, 1.8911]",2.4194579529211278,2.9478385967644143,1.2097289764605639
"(1, -1)",192,123,47,0.3821138211382114,2,"[(4, 768, 37057), (4, 780, 37833)]","[5.2727, 2.7311]",4.001898160951185,5.272669152276908,2.0009490804755923
"(1, 1)",-84,232,47,0.2025862068965517,2,"[(4, 334, 7057), (4, 346, 7399)]","[1.1515, 2.4796]",1.8155544004288575,2.4795730403808913,0.9077772002144288
"(1, 1)",-76,240,47,0.19583333333333333,2,"[(4, 302, 5777), (4, 314, 6087)]","[2.7656, 0.8227]",1.7941729853182027,2.765630845017879,0.8970864926591013
"(1, 1)",-70,246,47,0.1910569105691057,2,"[(4, 278, 4901), (4, 290, 5187)]","[2.6082, 1.0652]",1.8367185067715974,2.6082151672395133,0.9183592533857987
"(1, 1)",-38,278,47,0.16906474820143885,2,"[(4, 150, 1445), (4, 162, 1603)]","[0.9872, 2.0518]",1.519505426101348,2.0518439597573006,0.759752713050674
"(1, 1)",-28,288,47,0.16319444444444445,2,"[(4, 110, 785), (4, 122, 903)]","[2.4762, 0.8555]",1.6658595695898284,2.4762103914702838,0.8329297847949142
"(1, -1)",146,169,46,0.27218934911242604,2,"[(4, 584, 21463), (4, 596, 22055)]","[2.6725, 2.2154]",2.4439408785479575,2.6724787873382554,1.2219704392739787
"(1, 1)",-114,202,46,0.22772277227722773,2,"[(4, 454, 12997), (4, 466, 13459)]","[1.421, 3.0484]",2.2346789672772074,3.0483671045770286,1.1173394836386037
"(1, 1)",-54,262,46,0.17557251908396945,2,"[(4, 214, 2917), (4, 226, 3139)]","[1.4668, 2.2985]",1.8826510272123673,2.298549762983257,0.9413255136061837
"(1, 1)",-82,234,45,0.19230769230769232,2,"[(4, 326, 6725), (4, 338, 7059)]","[2.789, 1.2936]",2.0413051380857072,2.788977551326096,1.0206525690428536
"(1, -1)",22,294,44,0.14965986394557823,2,"[(4, 88, 507), (4, 100, 603)]","[1.6165, 1.1756]",1.3960640152598471,1.6164831418198162,0.6980320076299236
"(1, 1)",-72,244,44,0.18032786885245902,2,"[(4, 286, 5185), (4, 298, 5479)]","[1.738, 2.0093]",1.8736519178912396,2.009311600132946,0.9368259589456198
"(1, -1)",-190,127,43,0.33858267716535434,2,"[(4, 756, 35911), (4, 768, 36675)]","[5.0923, 1.855]",3.473667108120122,5.09234581875096,1.736833554060061
"(1, -1)",-132,185,43,0.23243243243243245,2,"[(4, 524, 17293), (4, 536, 17825)]","[1.8226, 2.4403]",2.1314211210085725,2.4402600978366893,1.0657105605042863
"(1, -1)",-94,223,43,0.19282511210762332,2,"[(4, 372, 8743), (4, 384, 9123)]","[1.5168, 1.9237]",1.7202602925140602,1.9237024264348779,0.8601301462570301
"(1, -1)",86,230,43,0.18695652173913044,2,"[(4, 344, 7483), (4, 356, 7835)]","[1.9644, 1.9211]",1.9427039644799362,1.9643534773726983,0.9713519822399681
"(1, -1)",128,188,43,0.22872340425531915,2,"[(4, 512, 16513), (4, 524, 17033)]","[1.0782, 3.666]",2.3720922299026377,3.6659745901944847,1.1860461149513188
"(1, -1)",140,176,43,0.24431818181818182,2,"[(4, 560, 19741), (4, 572, 20309)]","[1.8231, 2.6462]",2.234637586103922,2.646175802459296,1.117318793051961
"(1, 1)",-96,220,43,0.19545454545454546,2,"[(4, 382, 9217), (4, 394, 9607)]","[2.1329, 1.6218]",1.8773631425348443,2.1329129153807003,0.9386815712674221
"(1, 1)",-90,226,43,0.1902654867256637,2,"[(4, 358, 8101), (4, 370, 8467)]","[2.0246, 2.1771]",2.100828196563354,2.177051251203787,1.050414098281677
"(1, 1)",-86,230,43,0.18695652173913044,2,"[(4, 342, 7397), (4, 354, 7747)]","[1.2297, 2.3079]",1.7688143577072637,2.307912408975285,0.8844071788536318
"(1, 1)",-22,294,43,0.14625850340136054,2,"[(4, 86, 485), (4, 98, 579)]","[2.1176, 1.0167]",1.5671381628985346,2.117554001625909,0.7835690814492673
"(1, -1)",-162,155,42,0.2709677419354839,2,"[(4, 644, 26083), (4, 656, 26735)]","[2.8409, 2.6584]",2.7496345554516974,2.8409135561092334,1.3748172777258487
"(1, -1)",52,264,42,0.1590909090909091,2,"[(4, 208, 2757), (4, 220, 2973)]","[1.1959, 1.617]",1.4064890830172614,1.6170409060566482,0.7032445415086307
"(1, -1)",126,190,42,0.22105263157894736,2,"[(4, 504, 16003), (4, 516, 16515)]","[3.3378, 1.5137]",2.425711750113669,3.337754596702212,1.2128558750568346
"(1, 1)",-104,212,42,0.19811320754716982,2,"[(4, 414, 10817), (4, 426, 11239)]","[0.655, 3.8703]",2.2626720813260084,3.870315250888293,1.1313360406630042
"(1, 1)",-102,214,42,0.19626168224299065,2,"[(4, 406, 10405), (4, 418, 10819)]","[1.2881, 2.3433]",1.815664918197249,2.3432570072420855,0.9078324590986245
"(1, 1)",-48,268,42,0.15671641791044777,2,"[(4, 190, 2305), (4, 202, 2503)]","[1.3942, 1.855]",1.6246033344123774,1.8549883974892836,0.8123016672061887
"(1, 1)",-42,274,42,0.15328467153284672,2,"[(4, 166, 1765), (4, 178, 1939)]","[1.2517, 1.6187]",1.4351923348989353,1.6187020438335031,0.7175961674494676
"(1, -1)",-82,235,41,0.17446808510638298,2,"[(4, 324, 6643), (4, 336, 6975)]",[3.271],3.2710269522144824,3.2710269522144824,1.6355134761072412
"(1, -1)",104,212,41,0.19339622641509435,2,"[(4, 416, 10921), (4, 428, 11345)]","[1.5838, 2.3733]",1.9785635027050454,2.3733299131637255,0.9892817513525227
"(1, -1)",116,200,41,0.205,2,"[(4, 464, 13573), (4, 476, 14045)]","[1.6965, 2.233]",1.9647546881251161,2.233003738089629,0.9823773440625581
"(1, -1)",150,165,41,0.24848484848484848,2,"[(4, 600, 22651), (4, 612, 23259)]","[2.3902, 2.7521]",2.5711387889130384,2.752072355262725,1.2855693944565192
"(1, 1)",-156,160,41,0.25625,2,"[(4, 622, 24337), (4, 634, 24967)]","[2.8439, 1.6174]",2.2306081949395518,2.8438561953920476,1.1153040974697759
"(1, 1)",-140,176,41,0.23295454545454544,2,"[(4, 558, 19601), (4, 570, 20167)]","[0.8201, 3.2719]",2.0459800594435604,3.271876306314006,1.0229900297217802
"(1, 1)",-138,178,41,0.2303370786516854,2,"[(4, 550, 19045), (4, 562, 19603)]","[2.5852, 2.0276]",2.306401677567135,2.585217769210169,1.1532008387835675
"(1, -1)",-10,307,40,0.13029315960912052,2,"[(4, 36, 91), (4, 48, 135)]",[2.1738],2.173787084182187,2.173787084182187,1.0868935420910935
"(1, -1)",110,206,40,0.1941747572815534,2,"[(4, 440, 12211), (4, 452, 12659)]","[1.5225, 3.1429]",2.3326978317883658,3.1429177825247994,1.1663489158941829
"(1, -1)",138,178,40,0.2247191011235955,2,"[(4, 552, 19183), (4, 564, 19743)]","[1.6871, 2.7314]",2.2092106219456373,2.73136080235155,1.1046053109728187
"(1, -1)",164,151,40,0.26490066225165565,2,"[(4, 656, 27061), (4, 668, 27725)]","[2.0651, 3.3352]",2.7001375701887538,3.335156161946178,1.3500687850943769
"(1, -1)",182,133,40,0.3007518796992481,2,"[(4, 728, 33307), (4, 740, 34043)]","[2.243, 4.0464]",3.1446675085095563,4.04638365894509,1.5723337542547782
"(1, 1)",-108,208,40,0.19230769230769232,2,"[(4, 430, 11665), (4, 442, 12103)]","[2.259, 1.2663]",1.762652503313558,2.258962789406443,0.881326251656779
"(1, -1)",-138,179,39,0.21787709497206703,2,"[(4, 548, 18907), (4, 560, 19463)]","[1.8699, 3.2187]",2.5443163428600037,3.2187116085840355,1.2721581714300019
"(1, -1)",-124,193,39,0.20207253886010362,2,"[(4, 492, 15253), (4, 504, 15753)]","[2.4541, 2.0236]",2.238850711641041,2.454120198046684,1.1194253558205205
"(1, -1)",-32,285,39,0.1368421052631579,2,"[(4, 124, 993), (4, 136, 1125)]","[1.4205, 0.9909]",1.205672026355645,1.420456778054616,0.6028360131778225
"(1, -1)",10,306,39,0.12745098039215685,2,"[(4, 40, 111), (4, 52, 159)]","[1.0121, 1.3426]",1.1773557199508653,1.3426247487440908,0.5886778599754326
"(1, 1)",-180,137,39,0.2846715328467153,2,"[(4, 718, 32401), (4, 730, 33127)]","[3.0478, 3.5833]",3.3155541682332745,3.5833205489781657,1.6577770841166373
"(1, 1)",-136,180,39,0.21666666666666667,2,"[(4, 542, 18497), (4, 554, 19047)]","[3.9858, 0.7606]",2.3731661280846263,3.985770628359128,1.1865830640423132
"(1, 1)",-124,192,39,0.203125,2,"[(4, 494, 15377), (4, 506, 15879)]","[3.4789, 1.2346]",2.356793479369652,3.47894572567018,1.178396739684826
"(1, 1)",-68,248,39,0.15725806451612903,2,"[(4, 270, 4625), (4, 282, 4903)]","[1.3494, 2.2434]",1.7964391468115752,2.243429372079631,0.8982195734057876
"(1, -1)",-14,303,38,0.1254125412541254,2,"[(4, 52, 183), (4, 64, 243)]","[0.8326, 1.617]",1.2248211292649016,1.6170409060566482,0.6124105646324508
"(1, -1)",176,139,38,0.2733812949640288,2,"[(4, 704, 31153), (4, 716, 31865)]","[4.5589, 2.2725]",3.415692125605852,4.558898862474366,1.707846062802926
"(1, 1)",-152,164,38,0.23170731707317074,2,"[(4, 606, 23105), (4, 618, 23719)]","[0.7245, 3.9054]",2.3149733364581895,3.90542834540348,1.1574866682290947
"(1, 1)",-34,282,38,0.1347517730496454,2,"[(4, 134, 1157), (4, 146, 1299)]","[1.6871, 1.1557]",1.4214022574932819,1.6870604415397246,0.7107011287466409
"(1, 1)",-132,184,37,0.20108695652173914,2,"[(4, 526, 17425), (4, 538, 17959)]","[1.488, 2.4733]",1.9806793965687668,2.4733178633190445,0.9903396982843834
"(1, 1)",-126,190,37,0.19473684210526315,2,"[(4, 502, 15877), (4, 514, 16387)]","[2.4295, 1.3345]",1.882027112465682,2.429526170307506,0.941013556232841
"(1, 1)",-88,228,37,0.16228070175438597,2,"[(4, 350, 7745), (4, 362, 8103)]","[2.1231, 0.9101]",1.5165906139001533,2.1231304975279177,0.7582953069500766
"(1, -1)",-228,89,36,0.4044943820224719,2,"[(4, 908, 51757), (4, 920, 52673)]","[2.505, 6.1237]",4.314332430734153,6.123662380238785,2.1571662153670763
"(1, -1)",60,256,36,0.140625,2,"[(4, 240, 3661), (4, 252, 3909)]","[1.6591, 1.8023]",1.7307059550350652,1.8023300519140943,0.8653529775175326
"(1, -1)",168,147,36,0.24489795918367346,2,"[(4, 672, 28393), (4, 684, 29073)]","[2.9888, 2.0387]",2.513723239818196,2.988776030725416,1.256861619909098
"(1, 1)",-160,156,36,0.23076923076923078,2,"[(4, 638, 25601), (4, 650, 26247)]","[4.1995, 1.386]",2.7927800475627014,4.199525032791133,1.3963900237813507
"(1, -1)",-174,143,35,0.24475524475524477,2,"[(4, 692, 30103), (4, 704, 30803)]","[1.2603, 4.0336]",2.6469587407861908,4.0335965083275775,1.3234793703930954
"(1, -1)",-172,145,35,0.2413793103448276,2,"[(4, 684, 29413), (4, 696, 30105)]","[3.1994, 2.1869]",2.693135865286889,3.1993693730710535,1.3465679326434445
"(1, -1)",-154,163,35,0.2147239263803681,2,"[(4, 612, 23563), (4, 624, 24183)]","[2.0408, 3.121]",2.5808784789750168,3.1209837198607358,1.2904392394875084
"(1, -1)",152,163,35,0.2147239263803681,2,"[(4, 608, 23257), (4, 620, 23873)]","[1.9627, 3.3004]",2.6315619672741617,3.3004390759265254,1.3157809836370808
"(1, 1)",-194,123,35,0.2845528455284553,2,"[(4, 774, 37637), (4, 786, 38419)]","[0.8347, 4.5266]",2.6806613347025183,4.526647776974378,1.3403306673512592
"(1, 1)",-130,186,35,0.1881720430107527,2,"[(4, 518, 16901), (4, 530, 17427)]","[2.161, 1.2914]",1.7261919744022398,2.1610241080408827,0.8630959872011199
"(1, 1)",-128,188,35,0.18617021276595744,2,"[(4, 510, 16385), (4, 522, 16903)]","[1.2339, 2.3231]",1.778485307870387,2.3230977357537124,0.8892426539351935
"(1, 1)",-78,238,35,0.14705882352941177,2,"[(4, 310, 6085), (4, 322, 6403)]","[1.8482, 1.2534]",1.5508062968040774,1.848165566213806,0.7754031484020387
"(1, 1)",-52,264,35,0.13257575757575757,2,"[(4, 206, 2705), (4, 218, 2919)]","[2.1371, 0.9298]",1.5334438675799797,2.1371220309476238,0.7667219337899899
"(1, -1)",-96,221,34,0.15384615384615385,2,"[(4, 380, 9121), (4, 392, 9509)]","[1.4035, 2.4132]",1.9083688022952705,2.413227760191181,0.9541844011476353
"(1, -1)",120,196,34,0.17346938775510204,2,"[(4, 480, 14521), (4, 492, 15009)]","[2.4906, 1.7074]",2.0990332277500237,2.4906466922711776,1.0495166138750118
"(1, 1)",-120,196,34,0.17346938775510204,2,"[(4, 478, 14401), (4, 490, 14887)]","[2.4416, 1.8552]",2.1484063025232585,2.4415787730043284,1.0742031512616292
"(1, 1)",-116,200,34,0.17,2,"[(4, 462, 13457), (4, 474, 13927)]","[0.9748, 2.6013]",1.7880598006446768,2.601279136687204,0.8940299003223384
"(1, -1)",-120,197,33,0.16751269035532995,2,"[(4, 476, 14281), (4, 488, 14765)]","[1.7261, 2.0691]",1.8975982066051715,2.069068733465295,0.9487991033025858
"(1, -1)",-74,243,33,0.13580246913580246,2,"[(4, 292, 5403), (4, 304, 5703)]","[0.7795, 1.7845]",1.2820028750698191,1.7845202698194018,0.6410014375349096
"(1, -1)",28,288,33,0.11458333333333333,2,"[(4, 112, 813), (4, 124, 933)]","[0.8073, 1.5077]",1.1575076726620126,1.50771073166392,0.5787538363310063
"(1, -1)",114,202,33,0.16336633663366337,2,"[(4, 456, 13111), (4, 468, 13575)]","[2.4762, 1.2571]",1.8666616896025856,2.4762103914702838,0.9333308448012928
"(1, -1)",134,182,33,0.1813186813186813,2,"[(4, 536, 18091), (4, 548, 18635)]","[2.5356, 1.8795]",2.2075782696172883,2.535642613160996,1.1037891348086442
"(1, -1)",-214,103,32,0.3106796116504854,2,"[(4, 852, 45583), (4, 864, 46443)]","[3.4311, 2.2985]",2.864821464899089,3.4310931668149216,1.4324107324495445
"(1, -1)",-198,119,32,0.2689075630252101,2,"[(4, 788, 39007), (4, 800, 39803)]","[2.3343, 3.1707]",2.752453657513832,3.170656011665169,1.376226828756916
"(1, -1)",-156,161,32,0.19875776397515527,2,"[(4, 620, 24181), (4, 632, 24809)]","[1.8918, 2.1331]",2.0124688520485177,2.133121162465035,1.0062344260242588
"(1, -1)",-20,297,32,0.10774410774410774,2,"[(4, 76, 381), (4, 88, 465)]","[1.0607, 1.0935]",1.077064162778548,1.093451178751362,0.538532081389274
"(1, -1)",174,141,32,0.22695035460992907,2,"[(4, 696, 30451), (4, 708, 31155)]","[3.1264, 1.5745]",2.350453782990485,3.1263832590537843,1.1752268914952424
"(1, -1)",188,127,32,0.25196850393700787,2,"[(4, 752, 35533), (4, 764, 36293)]","[1.3556, 3.5071]",2.4313293974017736,3.507074124695821,1.2156646987008868
"(1, 1)",-184,133,32,0.24060150375939848,2,"[(4, 734, 33857), (4, 746, 34599)]","[2.4543, 1.4427]",1.9484888334059725,2.4542908161275223,0.9742444167029862
"(1, 1)",-150,166,32,0.1927710843373494,2,"[(4, 598, 22501), (4, 610, 23107)]","[2.7736, 1.7342]",2.253913761018175,2.7736496680861364,1.1269568805090875
"(1, 1)",-146,170,32,0.18823529411764706,2,"[(4, 582, 21317), (4, 594, 21907)]","[1.1024, 1.8562]",1.4792915608044712,1.856177584258153,0.7396457804022356
"(1, 1)",-134,182,32,0.17582417582417584,2,"[(4, 534, 17957), (4, 546, 18499)]","[0.8675, 2.6822]",1.7748567737349927,2.6822106693348657,0.8874283868674964
"(1, 1)",-118,198,32,0.16161616161616163,2,"[(4, 470, 13925), (4, 482, 14403)]","[2.5034, 0.8216]",1.6625017324365936,2.5033652519287344,0.8312508662182968
"(1, 1)",-92,224,32,0.14285714285714285,2,"[(4, 366, 8465), (4, 378, 8839)]","[0.7106, 2.3007]",1.505614700059653,2.3006501307907117,0.7528073500298265
"(1, 1)",-56,260,32,0.12307692307692308,2,"[(4, 222, 3137), (4, 234, 3367)]","[0.9559, 1.864]",1.4099617214619042,1.8639778052311105,0.7049808607309521
"(1, -1)",-178,139,31,0.22302158273381295,2,"[(4, 708, 31507), (4, 720, 32223)]","[2.3486, 2.2874]",2.318001446939711,2.348593040352858,1.1590007234698556
"(1, 1)",-64,252,31,0.12301587301587301,2,"[(4, 254, 4097), (4, 266, 4359)]","[1.7292, 1.0736]",1.4013875015268153,1.7292010407961138,0.7006937507634077
"(1, -1)",-186,131,30,0.22900763358778625,2,"[(4, 740, 34411), (4, 752, 35159)]","[1.3199, 3.1779]",2.248931562905352,3.177916791191305,1.124465781452676
"(1, -1)",-150,167,30,0.17964071856287425,2,"[(4, 596, 22351), (4, 608, 22955)]","[1.8713, 2.0518]",1.9615952094782236,2.0518439597573006,0.9807976047391118
"(1, -1)",-38,279,30,0.10752688172043011,2,"[(4, 148, 1407), (4, 160, 1563)]","[0.9902, 1.2398]",1.114969158924917,1.2397865201904459,0.5574845794624586
"(1, -1)",40,276,30,0.10869565217391304,2,"[(4, 160, 1641), (4, 172, 1809)]","[0.6969, 1.3426]",1.019743336834653,1.3426247487440908,0.5098716684173265
"(1, 1)",-148,168,30,0.17857142857142858,2,"[(4, 590, 21905), (4, 602, 22503)]","[2.9329, 0.7301]",1.831475509026574,2.932851923592503,0.915737754513287
"(1, -1)",-232,85,29,0.3411764705882353,2,"[(4, 924, 53593), (4, 936, 54525)]","[6.0204, 1.4203]",3.7203562212373065,6.020419944731339,1.8601781106186532
"(1, -1)",-180,137,29,0.2116788321167883,2,"[(4, 716, 32221), (4, 728, 32945)]","[2.1214, 1.6993]",1.910328552057635,2.1213542936114687,0.9551642760288175
"(1, -1)",-136,181,29,0.16022099447513813,2,"[(4, 540, 18361), (4, 552, 18909)]","[1.8931, 1.8023]",1.8477324159696247,1.893134780025155,0.9238662079848123
"(1, -1)",-44,273,29,0.10622710622710622,2,"[(4, 172, 1893), (4, 184, 2073)]","[1.0121, 1.129]",1.07055715447747,1.1290276177972998,0.535278577238735
"(1, 1)",-158,158,29,0.18354430379746836,2,"[(4, 630, 24965), (4, 642, 25603)]","[0.7564, 2.7833]",1.7698214160358277,2.783258561212451,0.8849107080179138
"(1, -1)",-98,219,28,0.1278538812785388,2,"[(4, 388, 9507), (4, 400, 9903)]","[1.2175, 1.6931]",1.4552924130135652,1.6930504448374593,0.7276462065067826
"(1, 1)",-226,91,28,0.3076923076923077,2,"[(4, 902, 51077), (4, 914, 51987)]","[5.1218, 0.8689]",2.9953493839401486,5.1218043810031215,1.4976746919700743
"(1, 1)",-144,172,28,0.16279069767441862,2,"[(4, 574, 20737), (4, 586, 21319)]","[1.1394, 2.5149]",1.8271309606880202,2.514885678787731,0.9135654803440101
"(1, -1)",-208,109,27,0.24770642201834864,2,"[(4, 828, 43057), (4, 840, 43893)]","[2.5448, 1.8583]",2.201519140376556,2.544758457240903,1.100759570188278
"(1, -1)",-2,315,27,0.08571428571428572,2,"[(4, 4, 3), (4, 16, 15)]",[1.4205],1.420456778054616,1.420456778054616,0.710228389027308
"(1, -1)",34,282,27,0.09574468085106383,2,"[(4, 136, 1191), (4, 148, 1335)]","[0.9241, 0.9751]",0.94959422076046,0.9751056584140169,0.47479711038023
"(1, -1)",112,204,27,0.1323529411764706,2,"[(4, 448, 12657), (4, 460, 13113)]","[1.342, 1.5077]",1.4248514213209824,1.50771073166392,0.7124257106604912
"(1, -1)",158,157,27,0.17197452229299362,2,"[(4, 632, 25123), (4, 644, 25763)]","[1.4753, 2.9206]",2.1979110838775036,2.920568277407265,1.0989555419387518
"(1, -1)",186,129,27,0.20930232558139536,2,"[(4, 744, 34783), (4, 756, 35535)]","[3.349, 1.3027]",2.3258728012532472,3.348995810512286,1.1629364006266236
"(1, -1)",206,109,27,0.24770642201834864,2,"[(4, 824, 42643), (4, 836, 43475)]","[3.233, 2.6194]",2.9261727929500627,3.2329662836396342,1.4630863964750314
"(1, -1)",-210,107,26,0.24299065420560748,2,"[(4, 836, 43891), (4, 848, 44735)]","[2.359, 2.7092]",2.5341244697021987,2.7092249401020143,1.2670622348510994
"(1, -1)",-184,133,26,0.19548872180451127,2,"[(4, 732, 33673), (4, 744, 34413)]","[2.2873, 1.9922]",2.1397845958940356,2.2873366012344722,1.0698922979470178
"(1, -1)",-92,225,26,0.11555555555555555,2,"[(4, 364, 8373), (4, 376, 8745)]","[1.6165, 0.8266]",1.2215432384502964,1.6164831418198162,0.6107716192251482
"(1, 1)",-198,119,26,0.2184873949579832,2,"[(4, 790, 39205), (4, 802, 40003)]","[3.0929, 1.7137]",2.403272116031223,3.0928702526199343,1.2016360580156116
"(1, 1)",-190,127,26,0.2047244094488189,2,"[(4, 758, 36101), (4, 770, 36867)]","[3.4789, 0.9122]",2.1955675709210705,3.4789419591633113,1.0977837854605352
"(1, 1)",-154,162,26,0.16049382716049382,2,"[(4, 614, 23717), (4, 626, 24339)]","[2.2052, 1.0964]",1.6508000322256744,2.205239566889188,0.8254000161128372
"(1, 1)",-112,204,26,0.12745098039215685,2,"[(4, 446, 12545), (4, 458, 12999)]","[1.4997, 0.8429]",1.1712799355588865,1.4997052729071945,0.5856399677794433
"(1, -1)",-158,159,25,0.15723270440251572,2,"[(4, 628, 24807), (4, 640, 25443)]","[1.6143, 1.2227]",1.418466914222153,1.6142736105853164,0.7092334571110765
"(1, -1)",156,159,25,0.15723270440251572,2,"[(4, 624, 24493), (4, 636, 25125)]","[3.0219, 1.4455]",2.233675823621245,3.0219003601398637,1.1168379118106224
"(1, -1)",200,115,25,0.21739130434782608,2,"[(4, 800, 40201), (4, 812, 41009)]","[1.3636, 2.9328]",2.1482145776309807,2.9327796721555877,1.0741072888154903
"(1, 1)",-166,150,25,0.16666666666666666,2,"[(4, 662, 27557), (4, 674, 28227)]","[3.235, 0.8539]",2.0444591107225163,3.2350091674490056,1.0222295553612581
"(1, 1)",-142,174,25,0.14367816091954022,2,"[(4, 566, 20165), (4, 578, 20739)]","[2.116, 1.0456]",1.580818256335891,2.116007813142288,0.7904091281679455
"(1, -1)",-56,261,24,0.09195402298850575,2,"[(4, 220, 3081), (4, 232, 3309)]","[0.8326, 1.0756]",0.9541242777697512,1.0756472030663475,0.4770621388848756
"(1, -1)",76,240,24,0.1,2,"[(4, 304, 5853), (4, 316, 6165)]","[1.0641, 1.0935]",1.078781278352421,1.093451178751362,0.5393906391762106
"(1, -1)",82,234,24,0.10256410256410256,2,"[(4, 328, 6807), (4, 340, 7143)]","[0.9694, 1.2246]",1.097034915492432,1.2246202807529791,0.548517457746216
"(1, -1)",118,198,24,0.12121212121212122,2,"[(4, 472, 14043), (4, 484, 14523)]","[0.9831, 1.2836]",1.1333746132196556,1.2836259970390371,0.5666873066098278
"(1, 1)",-192,125,24,0.192,2,"[(4, 766, 36865), (4, 778, 37639)]","[1.8907, 2.0334]",1.9620598006019419,2.0334446483423214,0.9810299003009709
"(1, 1)",-174,143,24,0.16783216783216784,2,"[(4, 694, 30277), (4, 706, 30979)]","[0.9923, 2.0369]",1.5145842839719137,2.0368995352157215,0.7572921419859568
"(1, -1)",-196,121,23,0.19008264462809918,2,"[(4, 780, 38221), (4, 792, 39009)]","[2.3483, 2.126]",2.23715099580498,2.3483240241413963,1.11857549790249
"(1, -1)",-160,157,23,0.1464968152866242,2,"[(4, 636, 25441), (4, 648, 26085)]","[2.1738, 1.518]",1.8459141432339334,2.173787084182187,0.9229570716169667
"(1, -1)",-80,237,23,0.0970464135021097,2,"[(4, 316, 6321), (4, 328, 6645)]","[1.0607, 0.8012]",0.930952942201597,1.0606771468057339,0.4654764711007985
"(1, -1)",46,270,23,0.08518518518518518,2,"[(4, 184, 2163), (4, 196, 2355)]","[1.3427, 0.8701]",1.1064061871682593,1.34268329124429,0.5532030935841297
"(1, -1)",170,145,23,0.15862068965517243,2,"[(4, 680, 29071), (4, 692, 29759)]","[1.2517, 2.1324]",1.692045562697066,2.132408499429765,0.846022781348533
"(1, -1)",198,117,23,0.19658119658119658,2,"[(4, 792, 39403), (4, 804, 40203)]","[2.073, 2.3513]",2.2121200927928215,2.3512897773997565,1.1060600463964108
"(1, -1)",222,93,23,0.24731182795698925,2,"[(4, 888, 49507), (4, 900, 50403)]","[3.0334, 2.788]",2.9107020299936606,3.033382374525246,1.4553510149968303
"(1, 1)",-200,117,23,0.19658119658119658,2,"[(4, 798, 40001), (4, 810, 40807)]","[0.8764, 3.7446]",2.310512540654279,3.7446408695284137,1.1552562703271394
"(1, 1)",-176,141,23,0.16312056737588654,2,"[(4, 702, 30977), (4, 714, 31687)]","[1.49, 1.7637]",1.626839684290268,1.7636906843281814,0.813419842145134
"(1, 1)",-162,154,23,0.14935064935064934,2,"[(4, 646, 26245), (4, 658, 26899)]","[1.2181, 1.6833]",1.450690415690426,1.683314024423235,0.725345207845213
"(1, 1)",-122,194,23,0.11855670103092783,2,"[(4, 486, 14885), (4, 498, 15379)]","[0.7206, 2.0324]",1.3765085610747012,2.0324071108190807,0.6882542805373506
"(1, 1)",-98,218,23,0.10550458715596331,2,"[(4, 390, 9605), (4, 402, 10003)]","[0.7537, 1.6735]",1.213566591652879,1.673461651058574,0.6067832958264395
"(1, -1)",-128,189,22,0.1164021164021164,2,"[(4, 508, 16257), (4, 520, 16773)]","[1.4205, 1.0727]",1.2466018993265247,1.420456778054616,0.6233009496632623
"(1, -1)",216,99,22,0.2222222222222222,2,"[(4, 864, 46873), (4, 876, 47745)]","[2.6495, 2.0641]",2.3567861661004557,2.6495180657538717,1.1783930830502278
"(1, -1)",224,91,22,0.24175824175824176,2,"[(4, 896, 50401), (4, 908, 51305)]","[2.4353, 2.2705]",2.3529011716430874,2.4352989879984857,1.1764505858215437
"(1, -1)",-216,101,21,0.2079207920792079,2,"[(4, 860, 46441), (4, 872, 47309)]","[1.4035, 3.8493]",2.626424593892685,3.84933934338601,1.3132122969463424
"(1, -1)",-202,115,21,0.1826086956521739,2,"[(4, 804, 40603), (4, 816, 41415)]","[3.4886, 1.9542]",2.7214258542079532,3.4886064622822612,1.3607129271039766
"(1, -1)",-192,125,21,0.168,2,"[(4, 764, 36673), (4, 776, 37445)]","[2.2271, 1.6631]",1.9450938590743136,2.2270656561152133,0.9725469295371568
"(1, -1)",-86,231,21,0.09090909090909091,2,"[(4, 340, 7311), (4, 352, 7659)]","[0.8281, 1.0167]",0.9224211870546809,1.0167223241711605,0.46121059352734045
"(1, -1)",58,258,21,0.08139534883720931,2,"[(4, 232, 3423), (4, 244, 3663)]","[0.744, 1.0755]",0.9097739748697258,1.075527484830207,0.4548869874348629
"(1, -1)",106,210,21,0.1,2,"[(4, 424, 11343), (4, 436, 11775)]","[1.1264, 0.7912]",0.9588200234731695,1.1264119363439595,0.47941001173658476
"(1, -1)",172,143,21,0.14685314685314685,2,"[(4, 688, 29757), (4, 700, 30453)]","[0.8798, 1.129]",1.0044004366818904,1.1290276177972998,0.5022002183409452
"(1, -1)",212,103,21,0.20388349514563106,2,"[(4, 848, 45157), (4, 860, 46013)]","[2.379, 2.7829]",2.580902726045455,2.782850748063283,1.2904513630227274
"(1, -1)",218,97,21,0.21649484536082475,2,"[(4, 872, 47743), (4, 884, 48623)]","[1.4668, 2.5813]",2.0240161279945914,2.5812799645477047,1.0120080639972957
"(1, -1)",228,87,21,0.2413793103448276,2,"[(4, 912, 52213), (4, 924, 53133)]","[1.9607, 2.7475]",2.3540939923031834,2.747526835979671,1.1770469961515917
"(1, 1)",-164,152,21,0.13815789473684212,2,"[(4, 654, 26897), (4, 666, 27559)]","[0.6908, 2.5404]",1.6156052871978135,2.5403649565094453,0.8078026435989067
"(1, -1)",-188,129,20,0.15503875968992248,2,"[(4, 748, 35157), (4, 760, 35913)]","[1.3427, 1.3202]",1.3314504933514666,1.34268329124429,0.6657252466757333
"(1, -1)",-104,213,20,0.09389671361502347,2,"[(4, 412, 10713), (4, 424, 11133)]","[0.739, 1.202]",0.9704725688261349,1.2019885456983792,0.48523628441306743
"(1, -1)",-68,249,20,0.08032128514056225,2,"[(4, 268, 4557), (4, 280, 4833)]","[0.9813, 1.0726]",1.0269601332942844,1.07257783727767,0.5134800666471422
"(1, -1)",70,246,20,0.08130081300813008,2,"[(4, 280, 4971), (4, 292, 5259)]","[1.1264, 0.9932]",1.0597589891446737,1.1263641199354493,0.5298794945723369
"(1, -1)",94,222,20,0.09009009009009009,2,"[(4, 376, 8931), (4, 388, 9315)]","[1.1645, 0.9147]",1.0395834342629704,1.164484396383372,0.5197917171314852
"(1, -1)",136,180,20,0.1111111111111111,2,"[(4, 544, 18633), (4, 556, 19185)]","[1.5045, 0.9751]",1.2398024905007161,1.5044993225874153,0.6199012452503581
"(1, -1)",142,174,20,0.11494252873563218,2,"[(4, 568, 20307), (4, 580, 20883)]","[1.145, 1.0769]",1.1109319611468054,1.144991601242905,0.5554659805734027
"(1, 1)",-220,97,20,0.20618556701030927,2,"[(4, 878, 48401), (4, 890, 49287)]","[5.0444, 1.146]",3.0952099791661074,5.044448345084285,1.5476049895830537
"(1, -1)",-204,113,19,0.168141592920354,2,"[(4, 812, 41413), (4, 824, 42233)]","[1.421, 3.4725]",2.446757785050133,3.4725247401228803,1.2233788925250666
"(1, -1)",88,228,19,0.08333333333333333,2,"[(4, 352, 7833), (4, 364, 8193)]","[0.6943, 1.1756]",0.9349507388673111,1.1756448886998783,0.46747536943365553
"(1, -1)",180,135,19,0.14074074074074075,2,"[(4, 720, 32581), (4, 732, 33309)]","[1.7004, 2.3433]",2.0218456962697813,2.3432570072420855,1.0109228481348906
"(1, -1)",194,121,19,0.15702479338842976,2,"[(4, 776, 37831), (4, 788, 38615)]","[1.3942, 2.4909]",1.942582842485005,2.490947413634539,0.9712914212425025
"(1, -1)",204,111,19,0.17117117117117117,2,"[(4, 816, 41821), (4, 828, 42645)]","[2.5233, 1.4137]",1.9684656716094242,2.5232572689070834,0.9842328358047121
"(1, -1)",242,73,19,0.2602739726027397,2,"[(4, 968, 58807), (4, 980, 59783)]","[2.2271, 3.3327]",2.779884914509645,3.3327041729040765,1.3899424572548225
"(1, 1)",-230,87,19,0.21839080459770116,2,"[(4, 918, 52901), (4, 930, 53827)]","[0.9488, 3.3167]",2.13274870450051,3.3167232164435716,1.066374352250255
"(1, 1)",-222,95,19,0.2,2,"[(4, 886, 49285), (4, 898, 50179)]","[2.0242, 1.7661]",1.8951412192411476,2.0241733823152797,0.9475706096205738
"(1, 1)",-212,105,19,0.18095238095238095,2,"[(4, 846, 44945), (4, 858, 45799)]","[0.8822, 3.2445]",2.0633550127781235,3.2445097023351988,1.0316775063890617
"(1, 1)",-204,113,19,0.168141592920354,2,"[(4, 814, 41617), (4, 826, 42439)]","[1.4117, 2.3249]",1.868284639304036,2.3248666108574656,0.934142319652018
"(1, 1)",-182,135,19,0.14074074074074075,2,"[(4, 726, 33125), (4, 738, 33859)]","[0.6537, 2.9773]",1.8155100759918013,2.9773383174528423,0.9077550379959006
"(1, -1)",-140,177,18,0.1016949152542373,2,"[(4, 556, 19461), (4, 568, 20025)]","[0.9241, 0.8948]",0.9094413548594896,0.924082783106903,0.4547206774297448
"(1, -1)",-134,183,18,0.09836065573770492,2,"[(4, 532, 17823), (4, 544, 18363)]","[0.7391, 1.1557]",0.9474212802153352,1.1557440734468394,0.4737106401076676
"(1, 1)",-236,81,18,0.2222222222222222,2,"[(4, 942, 55697), (4, 954, 56647)]","[2.14, 3.2036]",2.671783944444747,3.2035900816054235,1.3358919722223734
"(1, 1)",-214,103,18,0.17475728155339806,2,"[(4, 854, 45797), (4, 866, 46659)]","[1.7855, 1.5275]",1.656469647947104,1.785486596039923,0.828234823973552
"(1, 1)",-196,121,18,0.1487603305785124,2,"[(4, 782, 38417), (4, 794, 39207)]","[2.6846, 0.6738]",1.6791944155665397,2.68460973795747,0.8395972077832698
"(1, 1)",-178,139,18,0.12949640287769784,2,"[(4, 710, 31685), (4, 722, 32403)]","[3.2799, 0.6949]",1.987361581244,3.279851067686053,0.993680790622
"(1, 1)",-168,148,18,0.12162162162162163,2,"[(4, 670, 28225), (4, 682, 28903)]","[1.7817, 1.2262]",1.503917844509556,1.7816525248921706,0.751958922254778
"(1, -1)",-244,73,17,0.2328767123287671,2,"[(4, 972, 59293), (4, 984, 60273)]","[1.6591, 2.7311]",2.1951045138907483,2.7311271696254606,1.0975522569453742
"(1, -1)",-234,83,17,0.20481927710843373,2,"[(4, 932, 54523), (4, 944, 55463)]","[1.4779, 3.2595]",2.368703569125681,3.259493954343581,1.1843517845628404
"(1, -1)",-62,255,17,0.06666666666666667,2,"[(4, 244, 3783), (4, 256, 4035)]","[0.9489, 1.0138]",0.9813454629912592,1.0137927929620498,0.4906727314956296
"(1, -1)",148,167,17,0.10179640718562874,2,"[(4, 592, 22053), (4, 604, 22653)]","[0.7826, 1.2398]",1.0111742501943923,1.2397865201904459,0.5055871250971962
"(1, -1)",160,155,17,0.10967741935483871,2,"[(4, 640, 25761), (4, 652, 26409)]","[0.7027, 1.3426]",1.0226568022573028,1.3426247487440908,0.5113284011286514
"(1, -1)",210,105,17,0.1619047619047619,2,"[(4, 840, 44311), (4, 852, 45159)]","[2.1371, 1.7654]",1.9512570123068458,2.1371220309476238,0.9756285061534229
"(1, -1)",248,67,17,0.2537313432835821,2,"[(4, 992, 61753), (4, 1004, 62753)]","[1.5397, 3.8326]",2.68612638127883,3.832597762973639,1.343063190639415
"(1, 1)",-250,67,17,0.2537313432835821,2,"[(4, 998, 62501), (4, 1010, 63507)]","[4.0599, 1.3816]",2.7207115376114674,4.059854047291208,1.3603557688057337
"(1, 1)",-240,77,17,0.22077922077922077,2,"[(4, 958, 57601), (4, 970, 58567)]","[2.2528, 3.2416]",2.7471994590028164,3.241575045317713,1.3735997295014082
"(1, 1)",-224,93,17,0.1827956989247312,2,"[(4, 894, 50177), (4, 906, 51079)]","[0.6065, 2.9024]",1.7544021384917334,2.9023512662473476,0.8772010692458667
"(1, 1)",-210,107,17,0.1588785046728972,2,"[(4, 838, 44101), (4, 850, 44947)]","[2.0538, 1.9237]",1.9887303378286783,2.053758249222479,0.9943651689143391
"(1, 1)",-206,111,17,0.15315315315315314,2,"[(4, 822, 42437), (4, 834, 43267)]","[1.3647, 1.9799]",1.6722837302465532,1.9798758113677506,0.8361418651232766
"(1, 1)",-186,131,17,0.1297709923664122,2,"[(4, 742, 34597), (4, 754, 35347)]","[1.9389, 1.5413]",1.7401201718409394,1.9388991004637695,0.8700600859204697
"(1, 1)",-172,144,17,0.11805555555555555,2,"[(4, 686, 29585), (4, 698, 30279)]","[2.3411, 0.9784]",1.6597764979716831,2.341134407164277,0.8298882489858416
"(1, -1)",-166,151,16,0.10596026490066225,2,"[(4, 660, 27391), (4, 672, 28059)]","[1.6292, 1.6187]",1.6239684011638866,1.6292347584942704,0.8119842005819433
"(1, -1)",-110,207,16,0.07729468599033816,2,"[(4, 436, 11991), (4, 448, 12435)]","[0.8147, 0.8555]",0.8350802404004838,0.8555087477093729,0.4175401202002419
"(1, -1)",4,312,16,0.05128205128205128,2,"[(4, 16, 21), (4, 28, 45)]",[1.0607],1.0606771468057339,1.0606771468057339,0.5303385734028669
"(1, -1)",144,171,16,0.0935672514619883,2,"[(4, 576, 20881), (4, 588, 21465)]",[2.038],2.038012218236149,2.038012218236149,1.0190061091180744
"(1, -1)",154,161,16,0.09937888198757763,2,"[(4, 616, 23871), (4, 628, 24495)]","[0.9872, 0.8348]",0.9109985476284665,0.9871668924453953,0.4554992738142333
"(1, -1)",230,85,16,0.18823529411764706,2,"[(4, 920, 53131), (4, 932, 54059)]","[1.4992, 3.2951]",2.3971317535082486,3.295102721485779,1.1985658767541243
"(1, -1)",236,79,16,0.20253164556962025,2,"[(4, 944, 55933), (4, 956, 56885)]","[1.5752, 2.3434]",1.9593032635535366,2.343445380790042,0.9796516317767683
"(1, -1)",240,75,16,0.21333333333333335,2,"[(4, 960, 57841), (4, 972, 58809)]","[1.6398, 1.8023]",1.7210725598033991,1.8023300519140943,0.8605362799016996
"(1, 1)",-216,101,16,0.15841584158415842,2,"[(4, 862, 46657), (4, 874, 47527)]","[2.0961, 1.2793]",1.6876671495479707,2.096061793990789,0.8438335747739854
"(1, -1)",-146,171,15,0.08771929824561403,2,"[(4, 580, 21171), (4, 592, 21759)]","[0.6618, 1.4781]",1.0699265529341895,1.4780746699531206,0.5349632764670947
"(1, -1)",-116,201,15,0.07462686567164178,2,"[(4, 460, 13341), (4, 472, 13809)]","[0.8073, 1.0512]",0.9292651430424778,1.05122567242485,0.4646325715212389
"(1, -1)",-50,267,15,0.056179775280898875,2,"[(4, 196, 2451), (4, 208, 2655)]",[1.1364],1.1363654224436928,1.1363654224436928,0.5681827112218464
"(1, -1)",64,252,15,0.05952380952380952,2,"[(4, 256, 4161), (4, 268, 4425)]",[0.9664],0.9664187003611079,0.9664187003611079,0.48320935018055394
"(1, -1)",130,186,15,0.08064516129032258,2,"[(4, 520, 17031), (4, 532, 17559)]","[0.66, 0.8812]",0.7706144953259396,0.881236249115076,0.3853072476629698
"(1, -1)",178,137,15,0.10948905109489052,2,"[(4, 712, 31863), (4, 724, 32583)]","[0.8094, 1.2879]",1.0486294576452206,1.2878820263837616,0.5243147288226103
"(1, -1)",234,81,15,0.18518518518518517,2,"[(4, 936, 54991), (4, 948, 55935)]","[3.8254, 1.5822]",2.703794707740642,3.8253694733721337,1.351897353870321
"(1, 1)",-242,75,15,0.2,2,"[(4, 966, 58565), (4, 978, 59539)]","[0.5889, 3.4224]",2.0056566690005497,3.4223919370471667,1.0028283345002749
"(1, 1)",-238,79,15,0.189873417721519,2,"[(4, 950, 56645), (4, 962, 57603)]","[3.6896, 0.6715]",2.1805263807108197,3.6895837897807024,1.0902631903554099
"(1, 1)",-228,89,15,0.16853932584269662,2,"[(4, 910, 51985), (4, 922, 52903)]","[1.5348, 1.5996]",1.5672099687374188,1.599635652012767,0.7836049843687094
"(1, -1)",-238,79,14,0.17721518987341772,2,"[(4, 948, 56407), (4, 960, 57363)]","[2.8359, 2.4258]",2.6308940240473646,2.835939423378152,1.3154470120236823
"(1, -1)",-220,97,14,0.14432989690721648,2,"[(4, 876, 48181), (4, 888, 49065)]","[2.5762, 1.356]",1.9660782774823615,2.576194279447414,0.9830391387411808
"(1, -1)",16,300,14,0.04666666666666667,2,"[(4, 64, 273), (4, 76, 345)]",[0.9813],0.9813424293108987,0.9813424293108987,0.49067121465544933
"(1, -1)",124,192,14,0.07291666666666667,2,"[(4, 496, 15501), (4, 508, 16005)]","[1.0607, 0.9909]",1.025782210731204,1.0606771468057339,0.512891105365602
"(1, 1)",-188,129,14,0.10852713178294573,2,"[(4, 750, 35345), (4, 762, 36103)]","[0.6853, 1.9659]",1.3256104427716455,1.9659431226665456,0.6628052213858228
"(1, -1)",-240,77,13,0.16883116883116883,2,"[(4, 956, 57361), (4, 968, 58325)]","[2.5356, 1.9047]",2.2201634493931746,2.535642613160996,1.1100817246965873
"(1, -1)",-218,99,13,0.13131313131313133,2,"[(4, 868, 47307), (4, 880, 48183)]","[1.5041, 1.4479]",1.4760112222066266,1.5040845424750464,0.7380056111033133
"(1, -1)",-176,141,13,0.09219858156028368,2,"[(4, 700, 30801), (4, 712, 31509)]","[1.0121, 1.2062]",1.109127638244388,1.206168585331136,0.554563819122194
"(1, -1)",-164,153,13,0.08496732026143791,2,"[(4, 652, 26733), (4, 664, 27393)]","[0.6969, 1.0366]",0.8667449335762034,1.0366279422271918,0.4333724667881017
"(1, -1)",-152,165,13,0.07878787878787878,2,"[(4, 604, 22953), (4, 616, 23565)]","[0.9902, 0.7805]",0.8853248965242204,0.9901517976593882,0.4426624482621102
"(1, -1)",202,113,13,0.11504424778761062,2,"[(4, 808, 41007), (4, 820, 41823)]","[1.1649, 1.2696]",1.217256268748005,1.269632337802748,0.6086281343740025
"(1, -1)",232,83,13,0.1566265060240964,2,"[(4, 928, 54057), (4, 940, 54993)]","[1.2612, 1.0755]",1.1683415340186485,1.26115558320709,0.5841707670093242
"(1, -1)",246,69,13,0.18840579710144928,2,"[(4, 984, 60763), (4, 996, 61755)]","[3.8619, 1.1631]",2.512511396039495,3.861940678174584,1.2562556980197475
"(1, 1)",-208,109,13,0.11926605504587157,2,"[(4, 830, 43265), (4, 842, 44103)]","[2.2368, 0.7813]",1.5090589298032313,2.2368140433798445,0.7545294649016157
"(1, 1)",-202,115,13,0.11304347826086956,2,"[(4, 806, 40805), (4, 818, 41619)]","[1.7396, 0.966]",1.35280188815624,1.739641877394755,0.67640094407812
"(1, -1)",-26,291,12,0.041237113402061855,2,"[(4, 100, 651), (4, 112, 759)]",[0.739],0.7389565919538904,0.7389565919538904,0.3694782959769452
"(1, -1)",166,149,12,0.08053691275167785,2,"[(4, 664, 27723), (4, 676, 28395)]","[1.1232, 0.843]",0.9830902490305727,1.1232027848922113,0.49154512451528637
"(1, 1)",-246,71,12,0.16901408450704225,2,"[(4, 982, 60517), (4, 994, 61507)]","[1.6679, 1.711]",1.6894666825685083,1.711017495418746,0.8447333412842541
"(1, 1)",-234,83,12,0.14457831325301204,2,"[(4, 934, 54757), (4, 946, 55699)]","[1.5164, 1.6695]",1.592961044460547,1.669501378788282,0.7964805222302735
"(1, 1)",-218,99,12,0.12121212121212122,2,"[(4, 870, 47525), (4, 882, 48403)]","[0.9241, 1.8077]",1.3658724972111949,1.8076622113154865,0.6829362486055974
"(1, -1)",-250,67,11,0.16417910447761194,2,"[(4, 996, 62251), (4, 1008, 63255)]","[2.1738, 1.7545]",1.9641191166509508,2.173787084182187,0.9820595583254754
"(1, -1)",-246,71,11,0.15492957746478872,2,"[(4, 980, 60271), (4, 992, 61259)]","[1.5403, 3.0128]",2.2765421583735073,3.012759009311256,1.1382710791867536
"(1, -1)",-222,95,11,0.11578947368421053,2,"[(4, 884, 49063), (4, 896, 49955)]","[1.5282, 1.864]",1.6961115357165923,1.8639778052311105,0.8480557678582962
"(1, -1)",-200,117,11,0.09401709401709402,2,"[(4, 796, 39801), (4, 808, 40605)]","[1.1364, 0.8345]",0.985441246393709,1.1363654224436928,0.4927206231968545
"(1, -1)",184,131,11,0.08396946564885496,2,"[(4, 736, 34041), (4, 748, 34785)]","[0.7706, 0.8701]",0.8203839172408243,0.8701290830922287,0.41019195862041213
"(1, 1)",-248,69,11,0.15942028985507245,2,"[(4, 990, 61505), (4, 1002, 62503)]","[1.2982, 1.8176]",1.557883069129232,1.8175862786157977,0.778941534564616
"(1, 1)",-232,85,11,0.12941176470588237,2,"[(4, 926, 53825), (4, 938, 54759)]","[2.253, 0.9918]",1.6224289714441087,2.253028726735861,0.8112144857220543
"(1, -1)",-226,91,10,0.10989010989010989,2,"[(4, 900, 50851), (4, 912, 51759)]",[2.5638],2.56381122378476,2.56381122378476,1.28190561189238
"(1, -1)",-194,123,10,0.08130081300813008,2,"[(4, 772, 37443), (4, 784, 38223)]","[0.5931, 1.4135]",1.0033251212265009,1.4135302466859483,0.5016625606132504
"(1, -1)",-182,135,10,0.07407407407407407,2,"[(4, 724, 32943), (4, 736, 33675)]","[1.0943, 0.8812]",0.9877420264276522,1.094264843582131,0.4938710132138261
"(1, -1)",190,125,10,0.08,2,"[(4, 760, 36291), (4, 772, 37059)]","[0.9531, 0.8803]",0.916721951364891,0.9531287501052789,0.4583609756824455
"(1, -1)",208,107,10,0.09345794392523364,2,"[(4, 832, 43473), (4, 844, 44313)]","[0.6176, 1.617]",1.1173201592934454,1.6170409060566482,0.5586600796467227
"(1, -1)",-224,93,9,0.0967741935483871,2,"[(4, 892, 49953), (4, 904, 50853)]","[0.8326, 1.276]",1.0542797048985841,1.2759580573240132,0.5271398524492921
"(1, -1)",214,101,9,0.0891089108910891,2,"[(4, 856, 46011), (4, 868, 46875)]","[0.9714, 0.7179]",0.844637305041003,0.9713676981512795,0.4223186525205015
"(1, -1)",244,71,9,0.1267605633802817,2,"[(4, 976, 59781), (4, 988, 60765)]","[1.2728, 1.0138]",1.1433026845644652,1.2728125761668805,0.5716513422822326
"(1, 1)",-244,73,9,0.1232876712328767,2,"[(4, 974, 59537), (4, 986, 60519)]","[1.6746, 1.095]",1.3847771528078563,1.674600802878744,0.6923885764039281
"(1, -1)",-170,147,8,0.05442176870748299,2,"[(4, 676, 28731), (4, 688, 29415)]",[1.0416],1.041590393849902,1.041590393849902,0.520795196924951
"(1, -1)",-122,195,8,0.041025641025641026,2,"[(4, 484, 14763), (4, 496, 15255)]",[1.0688],1.06882564033629,1.06882564033629,0.534412820168145
"(1, -1)",220,95,8,0.08421052631578947,2,"[(4, 880, 48621), (4, 892, 49509)]","[0.8323, 1.0756]",0.9539969402367726,1.0756472030663475,0.4769984701183863
"(1, -1)",226,89,8,0.0898876404494382,2,"[(4, 904, 51303), (4, 916, 52215)]","[0.9559, 0.7728]",0.8643845123589423,0.9559456376926981,0.43219225617947116
"(1, -1)",-242,75,7,0.09333333333333334,2,"[(4, 964, 58323), (4, 976, 59295)]","[1.5783, 1.2107]",1.3945167204405255,1.5782853089495734,0.6972583602202628
"(1, -1)",-206,111,7,0.06306306306306306,2,"[(4, 820, 42231), (4, 832, 43059)]","[0.6117, 0.9298]",0.7707525573719317,0.9297657042123357,0.38537627868596586
"(1, -1)",238,77,7,0.09090909090909091,2,"[(4, 952, 56883), (4, 964, 57843)]","[0.9294, 1.1868]",1.058074819064184,1.1867765576054627,0.529037409532092
"(1, -1)",250,65,7,0.1076923076923077,2,"[(4, 1000, 62751), (4, 1012, 63759)]","[0.6685, 1.3426]",1.0055549593346702,1.3426247487440908,0.5027774796673351
"(1, -1)",-230,87,6,0.06896551724137931,2,"[(4, 916, 52671), (4, 928, 53595)]","[0.6805, 0.88]",0.7802385154079043,0.8799679864075906,0.39011925770395217
"(1, -1)",196,119,5,0.04201680672268908,2,"[(4, 784, 38613), (4, 796, 39405)]",[1.4281],1.428106585724701,1.428106585724701,0.7140532928623505
"(1, -1)",-236,81,3,0.037037037037037035,2,"[(4, 940, 55461), (4, 952, 56409)]","[0.744, 0.8186]",0.7813069944691261,0.8185935240290076,0.39065349723456305
"(1, -1)",-212,105,3,0.02857142857142857,2,"[(4, 844, 44733), (4, 856, 45585)]","[1.1959, 0.7479]",0.9719073685935609,1.1959372599778746,0.48595368429678043
"(1, -1)",100,216,3,0.013888888888888888,2,"[(4, 400, 10101), (4, 412, 10509)]",[0.6188],0.6187764418810666,0.6187764418810666,0.3093882209405333
"(1, -1)",-248,69,2,0.028985507246376812,2,"[(4, 988, 61257), (4, 1000, 62253)]","[0.9489, 0.9786]",0.963737391641714,0.9785766502629596,0.481868695820857
