log10_x_anchor,x,pi_x,K,abs_err
5.0,102653,9829,250,1.406304
5.0,102653,9829,500,1.675436
5.0,102653,9829,750,1.878740
5.0,102653,9829,1000,0.822970
5.0,102653,9829,1500,0.394548
5.0,102653,9829,2000,0.084094
5.0,102653,9829,2500,0.200282
5.0,102653,9829,3000,0.108438
5.0,102653,9829,3500,0.179266
5.0,102653,9829,4000,0.193851
5.0,102653,9829,4500,0.278934
5.0,102653,9829,5000,0.487620
5.0,102653,9829,6000,0.559326
5.0,102653,9829,7000,0.785330
5.0,102653,9829,8000,1.004813
5.0,102653,9829,9000,0.965923
5.0,102653,9829,10000,1.033230
5.0,102653,9829,11000,1.140727
5.0,102653,9829,12000,1.186263
5.0,102653,9829,13000,1.225279
5.0,102653,9829,14000,1.273501
5.0,102653,9829,15000,1.225479
5.0,102653,9829,16000,1.069505
5.0,102653,9829,17000,1.223282
5.0,102653,9829,18000,1.090386
5.0,102653,9829,19000,0.955921
5.0,102653,9829,20000,0.981306
5.0,104832,10010,250,2.746887
5.0,104832,10010,500,2.025565
5.0,104832,10010,750,1.121019
5.0,104832,10010,1000,0.826492
5.0,104832,10010,1500,0.845806
5.0,104832,10010,2000,0.676937
5.0,104832,10010,2500,0.497953
5.0,104832,10010,3000,0.208013
5.0,104832,10010,3500,0.706603
5.0,104832,10010,4000,0.839827
5.0,104832,10010,4500,0.529508
5.0,104832,10010,5000,0.720017
5.0,104832,10010,6000,0.501545
5.0,104832,10010,7000,0.639738
5.0,104832,10010,8000,0.525248
5.0,104832,10010,9000,0.890236
5.0,104832,10010,10000,0.733534
5.0,104832,10010,11000,0.751030
5.0,104832,10010,12000,0.820479
5.0,104832,10010,13000,0.788396
5.0,104832,10010,14000,0.811723
5.0,104832,10010,15000,0.802461
5.0,104832,10010,16000,0.749043
5.0,104832,10010,17000,0.807308
5.0,104832,10010,18000,0.889032
5.0,104832,10010,19000,0.862414
5.0,104832,10010,20000,0.993864
5.0,106214,10122,250,1.765728
5.0,106214,10122,500,0.791859
5.0,106214,10122,750,1.061843
5.0,106214,10122,1000,0.498900
5.0,106214,10122,1500,0.622371
5.0,106214,10122,2000,0.888838
5.0,106214,10122,2500,0.578170
5.0,106214,10122,3000,0.628546
5.0,106214,10122,3500,0.456053
5.0,106214,10122,4000,0.407110
5.0,106214,10122,4500,0.570072
5.0,106214,10122,5000,0.624423
5.0,106214,10122,6000,0.308826
5.0,106214,10122,7000,0.324918
5.0,106214,10122,8000,0.168402
5.0,106214,10122,9000,0.230304
5.0,106214,10122,10000,0.230406
5.0,106214,10122,11000,0.086223
5.0,106214,10122,12000,0.172880
5.0,106214,10122,13000,0.255720
5.0,106214,10122,14000,0.026281
5.0,106214,10122,15000,0.030908
5.0,106214,10122,16000,0.047312
5.0,106214,10122,17000,0.124286
5.0,106214,10122,18000,0.022174
5.0,106214,10122,19000,0.071971
5.0,106214,10122,20000,0.000169
5.0,106472,10150,250,2.034423
5.0,106472,10150,500,2.455635
5.0,106472,10150,750,2.134791
5.0,106472,10150,1000,1.608653
5.0,106472,10150,1500,0.491273
5.0,106472,10150,2000,0.503964
5.0,106472,10150,2500,0.010935
5.0,106472,10150,3000,0.191004
5.0,106472,10150,3500,0.383001
5.0,106472,10150,4000,0.226133
5.0,106472,10150,4500,0.353583
5.0,106472,10150,5000,0.329330
5.0,106472,10150,6000,0.135177
5.0,106472,10150,7000,0.142440
5.0,106472,10150,8000,0.253419
5.0,106472,10150,9000,0.290051
5.0,106472,10150,10000,0.323372
5.0,106472,10150,11000,0.214117
5.0,106472,10150,12000,0.071977
5.0,106472,10150,13000,0.041414
5.0,106472,10150,14000,0.159373
5.0,106472,10150,15000,0.025219
5.0,106472,10150,16000,0.042212
5.0,106472,10150,17000,0.119458
5.0,106472,10150,18000,0.121616
5.0,106472,10150,19000,0.025915
5.0,106472,10150,20000,0.033590
5.0,109127,10375,250,0.116881
5.0,109127,10375,500,0.292677
5.0,109127,10375,750,0.803141
5.0,109127,10375,1000,0.928462
5.0,109127,10375,1500,1.259833
5.0,109127,10375,2000,0.716308
5.0,109127,10375,2500,0.648365
5.0,109127,10375,3000,0.262347
5.0,109127,10375,3500,0.203697
5.0,109127,10375,4000,0.324379
5.0,109127,10375,4500,0.402962
5.0,109127,10375,5000,0.241616
5.0,109127,10375,6000,0.288080
5.0,109127,10375,7000,0.203007
5.0,109127,10375,8000,0.084238
5.0,109127,10375,9000,0.165532
5.0,109127,10375,10000,0.079241
5.0,109127,10375,11000,0.109554
5.0,109127,10375,12000,0.045865
5.0,109127,10375,13000,0.009916
5.0,109127,10375,14000,0.029238
5.0,109127,10375,15000,0.112173
5.0,109127,10375,16000,0.133511
5.0,109127,10375,17000,0.099961
5.0,109127,10375,18000,0.009853
5.0,109127,10375,19000,0.075982
5.0,109127,10375,20000,0.125379
5.0,109158,10379,250,1.056558
5.0,109158,10379,500,0.807936
5.0,109158,10379,750,0.184664
5.0,109158,10379,1000,0.399619
5.0,109158,10379,1500,0.002425
5.0,109158,10379,2000,0.459362
5.0,109158,10379,2500,0.212428
5.0,109158,10379,3000,0.303787
5.0,109158,10379,3500,0.014730
5.0,109158,10379,4000,0.181092
5.0,109158,10379,4500,0.304492
5.0,109158,10379,5000,0.281362
5.0,109158,10379,6000,0.268387
5.0,109158,10379,7000,0.188581
5.0,109158,10379,8000,0.433790
5.0,109158,10379,9000,0.526533
5.0,109158,10379,10000,0.480167
5.0,109158,10379,11000,0.471666
5.0,109158,10379,12000,0.536422
5.0,109158,10379,13000,0.593603
5.0,109158,10379,14000,0.616959
5.0,109158,10379,15000,0.585139
5.0,109158,10379,16000,0.643106
5.0,109158,10379,17000,0.647420
5.0,109158,10379,18000,0.641671
5.0,109158,10379,19000,0.623348
5.0,109158,10379,20000,0.663626
5.0,109631,10423,250,2.445587
5.0,109631,10423,500,1.869970
5.0,109631,10423,750,2.427291
5.0,109631,10423,1000,1.757721
5.0,109631,10423,1500,1.156251
5.0,109631,10423,2000,0.782052
5.0,109631,10423,2500,0.284457
5.0,109631,10423,3000,0.064583
5.0,109631,10423,3500,0.535329
5.0,109631,10423,4000,0.294009
5.0,109631,10423,4500,0.244841
5.0,109631,10423,5000,0.269745
5.0,109631,10423,6000,0.125143
5.0,109631,10423,7000,0.211334
5.0,109631,10423,8000,0.428042
5.0,109631,10423,9000,0.305411
5.0,109631,10423,10000,0.236001
5.0,109631,10423,11000,0.339239
5.0,109631,10423,12000,0.378610
5.0,109631,10423,13000,0.222388
5.0,109631,10423,14000,0.232053
5.0,109631,10423,15000,0.149784
5.0,109631,10423,16000,0.134197
5.0,109631,10423,17000,0.009649
5.0,109631,10423,18000,0.020344
5.0,109631,10423,19000,0.048481
5.0,109631,10423,20000,0.071895
5.0,114315,10817,250,1.557191
5.0,114315,10817,500,1.056011
5.0,114315,10817,750,1.852211
5.0,114315,10817,1000,0.711679
5.0,114315,10817,1500,0.009643
5.0,114315,10817,2000,0.568239
5.0,114315,10817,2500,0.099035
5.0,114315,10817,3000,0.011253
5.0,114315,10817,3500,0.118990
5.0,114315,10817,4000,0.233406
5.0,114315,10817,4500,0.115533
5.0,114315,10817,5000,0.178252
5.0,114315,10817,6000,0.016646
5.0,114315,10817,7000,0.100331
5.0,114315,10817,8000,0.224961
5.0,114315,10817,9000,0.153947
5.0,114315,10817,10000,0.226995
5.0,114315,10817,11000,0.151983
5.0,114315,10817,12000,0.122838
5.0,114315,10817,13000,0.027919
5.0,114315,10817,14000,0.046917
5.0,114315,10817,15000,0.120381
5.0,114315,10817,16000,0.143532
5.0,114315,10817,17000,0.146248
5.0,114315,10817,18000,0.127476
5.0,114315,10817,19000,0.222846
5.0,114315,10817,20000,0.338087
5.0,116417,10996,250,0.866473
5.0,116417,10996,500,0.428385
5.0,116417,10996,750,0.274922
5.0,116417,10996,1000,0.706340
5.0,116417,10996,1500,0.980887
5.0,116417,10996,2000,0.330747
5.0,116417,10996,2500,0.303683
5.0,116417,10996,3000,0.021361
5.0,116417,10996,3500,0.033499
5.0,116417,10996,4000,0.095837
5.0,116417,10996,4500,0.249934
5.0,116417,10996,5000,0.358655
5.0,116417,10996,6000,0.320550
5.0,116417,10996,7000,0.405534
5.0,116417,10996,8000,0.139368
5.0,116417,10996,9000,0.158096
5.0,116417,10996,10000,0.234012
5.0,116417,10996,11000,0.049796
5.0,116417,10996,12000,0.000227
5.0,116417,10996,13000,0.088897
5.0,116417,10996,14000,0.073525
5.0,116417,10996,15000,0.153723
5.0,116417,10996,16000,0.302555
5.0,116417,10996,17000,0.293214
5.0,116417,10996,18000,0.251615
5.0,116417,10996,19000,0.206497
5.0,116417,10996,20000,0.173295
5.0,116968,11041,250,0.244987
5.0,116968,11041,500,0.834548
5.0,116968,11041,750,0.259937
5.0,116968,11041,1000,0.233725
5.0,116968,11041,1500,0.047783
5.0,116968,11041,2000,0.124626
5.0,116968,11041,2500,0.173323
5.0,116968,11041,3000,0.167183
5.0,116968,11041,3500,0.128295
5.0,116968,11041,4000,0.025877
5.0,116968,11041,4500,0.016034
5.0,116968,11041,5000,0.150348
5.0,116968,11041,6000,0.406459
5.0,116968,11041,7000,0.338147
5.0,116968,11041,8000,0.567892
5.0,116968,11041,9000,0.571305
5.0,116968,11041,10000,0.588402
5.0,116968,11041,11000,0.628806
5.0,116968,11041,12000,0.304206
5.0,116968,11041,13000,0.320986
5.0,116968,11041,14000,0.101508
5.0,116968,11041,15000,0.109945
5.0,116968,11041,16000,0.118299
5.0,116968,11041,17000,0.014406
5.0,116968,11041,18000,0.050904
5.0,116968,11041,19000,0.053826
5.0,116968,11041,20000,0.063675
5.0,118470,11172,250,0.811275
5.0,118470,11172,500,2.369695
5.0,118470,11172,750,2.134015
5.0,118470,11172,1000,2.006214
5.0,118470,11172,1500,1.683594
5.0,118470,11172,2000,1.506258
5.0,118470,11172,2500,1.483655
5.0,118470,11172,3000,0.780587
5.0,118470,11172,3500,0.705669
5.0,118470,11172,4000,0.460994
5.0,118470,11172,4500,0.261921
5.0,118470,11172,5000,0.309043
5.0,118470,11172,6000,0.247310
5.0,118470,11172,7000,0.420595
5.0,118470,11172,8000,0.222817
5.0,118470,11172,9000,0.353933
5.0,118470,11172,10000,0.191065
5.0,118470,11172,11000,0.109962
5.0,118470,11172,12000,0.170980
5.0,118470,11172,13000,0.271454
5.0,118470,11172,14000,0.185546
5.0,118470,11172,15000,0.308835
5.0,118470,11172,16000,0.247102
5.0,118470,11172,17000,0.148365
5.0,118470,11172,18000,0.174080
5.0,118470,11172,19000,0.172585
5.0,118470,11172,20000,0.018149
5.0,119877,11290,250,1.930860
5.0,119877,11290,500,0.935939
5.0,119877,11290,750,1.429315
5.0,119877,11290,1000,0.587035
5.0,119877,11290,1500,0.522894
5.0,119877,11290,2000,0.837636
5.0,119877,11290,2500,0.585405
5.0,119877,11290,3000,0.523782
5.0,119877,11290,3500,0.435091
5.0,119877,11290,4000,0.250457
5.0,119877,11290,4500,0.185753
5.0,119877,11290,5000,0.078497
5.0,119877,11290,6000,0.155613
5.0,119877,11290,7000,0.193565
5.0,119877,11290,8000,0.102850
5.0,119877,11290,9000,0.022348
5.0,119877,11290,10000,0.147340
5.0,119877,11290,11000,0.116600
5.0,119877,11290,12000,0.127878
5.0,119877,11290,13000,0.066122
5.0,119877,11290,14000,0.141568
5.0,119877,11290,15000,0.113276
5.0,119877,11290,16000,0.148272
5.0,119877,11290,17000,0.162783
5.0,119877,11290,18000,0.125450
5.0,119877,11290,19000,0.061973
5.0,119877,11290,20000,0.079696
5.0,120325,11328,250,1.312948
5.0,120325,11328,500,0.972233
5.0,120325,11328,750,1.172246
5.0,120325,11328,1000,0.184741
5.0,120325,11328,1500,0.468266
5.0,120325,11328,2000,0.157675
5.0,120325,11328,2500,0.381231
5.0,120325,11328,3000,0.505340
5.0,120325,11328,3500,0.494985
5.0,120325,11328,4000,0.667797
5.0,120325,11328,4500,0.830780
5.0,120325,11328,5000,0.716910
5.0,120325,11328,6000,0.510856
5.0,120325,11328,7000,0.175434
5.0,120325,11328,8000,0.029964
5.0,120325,11328,9000,0.073584
5.0,120325,11328,10000,0.120118
5.0,120325,11328,11000,0.023812
5.0,120325,11328,12000,0.012176
5.0,120325,11328,13000,0.046393
5.0,120325,11328,14000,0.122199
5.0,120325,11328,15000,0.172031
5.0,120325,11328,16000,0.237813
5.0,120325,11328,17000,0.241739
5.0,120325,11328,18000,0.313271
5.0,120325,11328,19000,0.400393
5.0,120325,11328,20000,0.422703
5.0,123465,11602,250,0.240934
5.0,123465,11602,500,0.085182
5.0,123465,11602,750,0.684973
5.0,123465,11602,1000,1.097877
5.0,123465,11602,1500,0.876281
5.0,123465,11602,2000,0.925764
5.0,123465,11602,2500,0.510591
5.0,123465,11602,3000,0.502408
5.0,123465,11602,3500,0.779162
5.0,123465,11602,4000,0.308647
5.0,123465,11602,4500,0.568929
5.0,123465,11602,5000,0.402258
5.0,123465,11602,6000,0.381699
5.0,123465,11602,7000,0.410478
5.0,123465,11602,8000,0.394555
5.0,123465,11602,9000,0.522802
5.0,123465,11602,10000,0.671784
5.0,123465,11602,11000,0.595471
5.0,123465,11602,12000,0.571280
5.0,123465,11602,13000,0.534700
5.0,123465,11602,14000,0.475387
5.0,123465,11602,15000,0.500191
5.0,123465,11602,16000,0.466238
5.0,123465,11602,17000,0.569017
5.0,123465,11602,18000,0.477197
5.0,123465,11602,19000,0.458269
5.0,123465,11602,20000,0.389247
5.0,125247,11756,250,1.519586
5.0,125247,11756,500,1.495140
5.0,125247,11756,750,1.174418
5.0,125247,11756,1000,1.759486
5.0,125247,11756,1500,0.491685
5.0,125247,11756,2000,0.939588
5.0,125247,11756,2500,1.100694
5.0,125247,11756,3000,0.929494
5.0,125247,11756,3500,0.660646
5.0,125247,11756,4000,0.709900
5.0,125247,11756,4500,1.016688
5.0,125247,11756,5000,0.979902
5.0,125247,11756,6000,0.883085
5.0,125247,11756,7000,0.734971
5.0,125247,11756,8000,0.440457
5.0,125247,11756,9000,0.350273
5.0,125247,11756,10000,0.401075
5.0,125247,11756,11000,0.379624
5.0,125247,11756,12000,0.442109
5.0,125247,11756,13000,0.441693
5.0,125247,11756,14000,0.474154
5.0,125247,11756,15000,0.461837
5.0,125247,11756,16000,0.493221
5.0,125247,11756,17000,0.481343
5.0,125247,11756,18000,0.582733
5.0,125247,11756,19000,0.494142
5.0,125247,11756,20000,0.557122
5.0,126537,11866,250,0.911119
5.0,126537,11866,500,0.365928
5.0,126537,11866,750,0.568826
5.0,126537,11866,1000,0.180165
5.0,126537,11866,1500,0.483987
5.0,126537,11866,2000,0.403237
5.0,126537,11866,2500,0.186909
5.0,126537,11866,3000,0.189014
5.0,126537,11866,3500,0.368627
5.0,126537,11866,4000,0.580980
5.0,126537,11866,4500,0.602814
5.0,126537,11866,5000,0.841719
5.0,126537,11866,6000,0.636652
5.0,126537,11866,7000,0.781221
5.0,126537,11866,8000,0.894132
5.0,126537,11866,9000,0.857425
5.0,126537,11866,10000,0.871396
5.0,126537,11866,11000,0.712139
5.0,126537,11866,12000,0.668048
5.0,126537,11866,13000,0.483302
5.0,126537,11866,14000,0.467880
5.0,126537,11866,15000,0.345837
5.0,126537,11866,16000,0.343360
5.0,126537,11866,17000,0.231738
5.0,126537,11866,18000,0.160691
5.0,126537,11866,19000,0.095730
5.0,126537,11866,20000,0.027579
5.0,127562,11944,250,2.620654
5.0,127562,11944,500,2.874431
5.0,127562,11944,750,2.902741
5.0,127562,11944,1000,1.412894
5.0,127562,11944,1500,0.439457
5.0,127562,11944,2000,0.148862
5.0,127562,11944,2500,0.365761
5.0,127562,11944,3000,0.162218
5.0,127562,11944,3500,0.128243
5.0,127562,11944,4000,0.078650
5.0,127562,11944,4500,0.035882
5.0,127562,11944,5000,0.131715
5.0,127562,11944,6000,0.091168
5.0,127562,11944,7000,0.231959
5.0,127562,11944,8000,0.336143
5.0,127562,11944,9000,0.557826
5.0,127562,11944,10000,0.551887
5.0,127562,11944,11000,0.604744
5.0,127562,11944,12000,0.617697
5.0,127562,11944,13000,0.663707
5.0,127562,11944,14000,0.538766
5.0,127562,11944,15000,0.574313
5.0,127562,11944,16000,0.493929
5.0,127562,11944,17000,0.378807
5.0,127562,11944,18000,0.292545
5.0,127562,11944,19000,0.257680
5.0,127562,11944,20000,0.182694
5.0,131234,12262,250,1.399948
5.0,131234,12262,500,0.152346
5.0,131234,12262,750,0.358428
5.0,131234,12262,1000,0.565121
5.0,131234,12262,1500,0.337099
5.0,131234,12262,2000,0.320294
5.0,131234,12262,2500,0.203569
5.0,131234,12262,3000,0.189489
5.0,131234,12262,3500,0.755960
5.0,131234,12262,4000,0.792443
5.0,131234,12262,4500,0.666260
5.0,131234,12262,5000,1.065609
5.0,131234,12262,6000,0.816932
5.0,131234,12262,7000,0.822544
5.0,131234,12262,8000,0.767843
5.0,131234,12262,9000,0.606741
5.0,131234,12262,10000,0.700574
5.0,131234,12262,11000,0.425577
5.0,131234,12262,12000,0.343519
5.0,131234,12262,13000,0.267576
5.0,131234,12262,14000,0.473386
5.0,131234,12262,15000,0.616266
5.0,131234,12262,16000,0.672695
5.0,131234,12262,17000,0.643009
5.0,131234,12262,18000,0.565281
5.0,131234,12262,19000,0.512128
5.0,131234,12262,20000,0.624899
5.0,131845,12314,250,1.758450
5.0,131845,12314,500,0.500684
5.0,131845,12314,750,0.075742
5.0,131845,12314,1000,0.402126
5.0,131845,12314,1500,0.123663
5.0,131845,12314,2000,0.121975
5.0,131845,12314,2500,0.215723
5.0,131845,12314,3000,0.075995
5.0,131845,12314,3500,0.132395
5.0,131845,12314,4000,0.214631
5.0,131845,12314,4500,0.224724
5.0,131845,12314,5000,0.325578
5.0,131845,12314,6000,0.306297
5.0,131845,12314,7000,0.262657
5.0,131845,12314,8000,0.161662
5.0,131845,12314,9000,0.263334
5.0,131845,12314,10000,0.319041
5.0,131845,12314,11000,0.470530
5.0,131845,12314,12000,0.661734
5.0,131845,12314,13000,0.612030
5.0,131845,12314,14000,0.412376
5.0,131845,12314,15000,0.466870
5.0,131845,12314,16000,0.287411
5.0,131845,12314,17000,0.184518
5.0,131845,12314,18000,0.134413
5.0,131845,12314,19000,0.175801
5.0,131845,12314,20000,0.213880
5.0,133075,12420,250,0.072018
5.0,133075,12420,500,1.225760
5.0,133075,12420,750,0.106212
5.0,133075,12420,1000,0.130734
5.0,133075,12420,1500,0.734717
5.0,133075,12420,2000,0.234771
5.0,133075,12420,2500,0.053041
5.0,133075,12420,3000,0.126335
5.0,133075,12420,3500,0.218368
5.0,133075,12420,4000,0.633663
5.0,133075,12420,4500,0.653143
5.0,133075,12420,5000,0.525126
5.0,133075,12420,6000,0.750925
5.0,133075,12420,7000,0.954989
5.0,133075,12420,8000,0.792502
5.0,133075,12420,9000,0.677469
5.0,133075,12420,10000,0.602292
5.0,133075,12420,11000,0.902196
5.0,133075,12420,12000,0.858407
5.0,133075,12420,13000,0.853617
5.0,133075,12420,14000,0.914129
5.0,133075,12420,15000,0.986662
5.0,133075,12420,16000,1.047486
5.0,133075,12420,17000,1.002224
5.0,133075,12420,18000,0.866151
5.0,133075,12420,19000,0.831160
5.0,133075,12420,20000,0.845840
5.0,133506,12458,250,1.151510
5.0,133506,12458,500,1.264850
5.0,133506,12458,750,0.144583
5.0,133506,12458,1000,0.522237
5.0,133506,12458,1500,0.668271
5.0,133506,12458,2000,0.615436
5.0,133506,12458,2500,0.395432
5.0,133506,12458,3000,0.356833
5.0,133506,12458,3500,0.667990
5.0,133506,12458,4000,0.437711
5.0,133506,12458,4500,0.281900
5.0,133506,12458,5000,0.461414
5.0,133506,12458,6000,0.803763
5.0,133506,12458,7000,0.673903
5.0,133506,12458,8000,0.734816
5.0,133506,12458,9000,0.617925
5.0,133506,12458,10000,0.721787
5.0,133506,12458,11000,0.652126
5.0,133506,12458,12000,0.461994
5.0,133506,12458,13000,0.545727
5.0,133506,12458,14000,0.653016
5.0,133506,12458,15000,0.670447
5.0,133506,12458,16000,0.673586
5.0,133506,12458,17000,0.506506
5.0,133506,12458,18000,0.443240
5.0,133506,12458,19000,0.375763
5.0,133506,12458,20000,0.358296
5.0,134902,12568,250,1.505316
5.0,134902,12568,500,0.114575
5.0,134902,12568,750,0.406779
5.0,134902,12568,1000,0.073143
5.0,134902,12568,1500,0.234388
5.0,134902,12568,2000,0.415238
5.0,134902,12568,2500,0.143932
5.0,134902,12568,3000,0.036217
5.0,134902,12568,3500,0.106338
5.0,134902,12568,4000,0.240296
5.0,134902,12568,4500,0.398036
5.0,134902,12568,5000,0.454644
5.0,134902,12568,6000,0.702615
5.0,134902,12568,7000,0.778777
5.0,134902,12568,8000,0.457174
5.0,134902,12568,9000,0.637738
5.0,134902,12568,10000,0.500367
5.0,134902,12568,11000,0.169780
5.0,134902,12568,12000,0.296780
5.0,134902,12568,13000,0.179366
5.0,134902,12568,14000,0.140747
5.0,134902,12568,15000,0.106009
5.0,134902,12568,16000,0.011641
5.0,134902,12568,17000,0.024109
5.0,134902,12568,18000,0.009286
5.0,134902,12568,19000,0.057656
5.0,134902,12568,20000,0.075918
5.0,138232,12860,250,1.092581
5.0,138232,12860,500,0.888448
5.0,138232,12860,750,0.081017
5.0,138232,12860,1000,0.152606
5.0,138232,12860,1500,0.048734
5.0,138232,12860,2000,0.642799
5.0,138232,12860,2500,0.576443
5.0,138232,12860,3000,0.527666
5.0,138232,12860,3500,0.674534
5.0,138232,12860,4000,0.920501
5.0,138232,12860,4500,0.878388
5.0,138232,12860,5000,0.744147
5.0,138232,12860,6000,0.809165
5.0,138232,12860,7000,0.993276
5.0,138232,12860,8000,0.990596
5.0,138232,12860,9000,0.893865
5.0,138232,12860,10000,0.905626
5.0,138232,12860,11000,0.863635
5.0,138232,12860,12000,0.600786
5.0,138232,12860,13000,0.778622
5.0,138232,12860,14000,0.588387
5.0,138232,12860,15000,0.387210
5.0,138232,12860,16000,0.349919
5.0,138232,12860,17000,0.456615
5.0,138232,12860,18000,0.357363
5.0,138232,12860,19000,0.324889
5.0,138232,12860,20000,0.162059
5.0,139446,12962,250,0.752576
5.0,139446,12962,500,1.761294
5.0,139446,12962,750,1.967674
5.0,139446,12962,1000,1.374207
5.0,139446,12962,1500,0.669556
5.0,139446,12962,2000,0.529535
5.0,139446,12962,2500,0.433742
5.0,139446,12962,3000,0.212688
5.0,139446,12962,3500,0.059021
5.0,139446,12962,4000,0.038404
5.0,139446,12962,4500,0.295364
5.0,139446,12962,5000,0.186397
5.0,139446,12962,6000,0.268092
5.0,139446,12962,7000,0.329039
5.0,139446,12962,8000,0.370392
5.0,139446,12962,9000,0.317971
5.0,139446,12962,10000,0.315316
5.0,139446,12962,11000,0.450056
5.0,139446,12962,12000,0.243706
5.0,139446,12962,13000,0.365355
5.0,139446,12962,14000,0.419968
5.0,139446,12962,15000,0.311354
5.0,139446,12962,16000,0.211227
5.0,139446,12962,17000,0.076224
5.0,139446,12962,18000,0.161441
5.0,139446,12962,19000,0.102851
5.0,139446,12962,20000,0.154335
5.0,140525,13052,250,0.987986
5.0,140525,13052,500,1.147338
5.0,140525,13052,750,1.521715
5.0,140525,13052,1000,1.209531
5.0,140525,13052,1500,0.767434
5.0,140525,13052,2000,0.991153
5.0,140525,13052,2500,0.814153
5.0,140525,13052,3000,0.952210
5.0,140525,13052,3500,1.039341
5.0,140525,13052,4000,0.739311
5.0,140525,13052,4500,0.737570
5.0,140525,13052,5000,0.710835
5.0,140525,13052,6000,0.634327
5.0,140525,13052,7000,0.565708
5.0,140525,13052,8000,0.393095
5.0,140525,13052,9000,0.349355
5.0,140525,13052,10000,0.203435
5.0,140525,13052,11000,0.313643
5.0,140525,13052,12000,0.360145
5.0,140525,13052,13000,0.141820
5.0,140525,13052,14000,0.068314
5.0,140525,13052,15000,0.091224
5.0,140525,13052,16000,0.295151
5.0,140525,13052,17000,0.300976
5.0,140525,13052,18000,0.221552
5.0,140525,13052,19000,0.178536
5.0,140525,13052,20000,0.148644
5.0,144825,13408,250,0.387186
5.0,144825,13408,500,0.671454
5.0,144825,13408,750,0.583402
5.0,144825,13408,1000,0.152108
5.0,144825,13408,1500,0.573678
5.0,144825,13408,2000,0.197561
5.0,144825,13408,2500,0.098454
5.0,144825,13408,3000,0.197316
5.0,144825,13408,3500,0.184976
5.0,144825,13408,4000,0.342188
5.0,144825,13408,4500,0.555811
5.0,144825,13408,5000,0.424767
5.0,144825,13408,6000,0.353771
5.0,144825,13408,7000,0.199777
5.0,144825,13408,8000,0.209200
5.0,144825,13408,9000,0.339470
5.0,144825,13408,10000,0.313348
5.0,144825,13408,11000,0.016327
5.0,144825,13408,12000,0.162515
5.0,144825,13408,13000,0.273645
5.0,144825,13408,14000,0.223342
5.0,144825,13408,15000,0.167223
5.0,144825,13408,16000,0.127028
5.0,144825,13408,17000,0.016969
5.0,144825,13408,18000,0.058687
5.0,144825,13408,19000,0.099842
5.0,144825,13408,20000,0.141101
5.0,146214,13527,250,2.415523
5.0,146214,13527,500,0.583906
5.0,146214,13527,750,0.708926
5.0,146214,13527,1000,0.751912
5.0,146214,13527,1500,0.373276
5.0,146214,13527,2000,0.499656
5.0,146214,13527,2500,0.870601
5.0,146214,13527,3000,1.189150
5.0,146214,13527,3500,1.552760
5.0,146214,13527,4000,1.234238
5.0,146214,13527,4500,1.442773
5.0,146214,13527,5000,1.111347
5.0,146214,13527,6000,1.084189
5.0,146214,13527,7000,1.075677
5.0,146214,13527,8000,0.756478
5.0,146214,13527,9000,0.647904
5.0,146214,13527,10000,0.591788
5.0,146214,13527,11000,0.655125
5.0,146214,13527,12000,0.506137
5.0,146214,13527,13000,0.641732
5.0,146214,13527,14000,0.711263
5.0,146214,13527,15000,0.754921
5.0,146214,13527,16000,0.709961
5.0,146214,13527,17000,0.655562
5.0,146214,13527,18000,0.693468
5.0,146214,13527,19000,0.629085
5.0,146214,13527,20000,0.612281
5.0,147830,13665,250,5.414099
5.0,147830,13665,500,2.779378
5.0,147830,13665,750,2.912178
5.0,147830,13665,1000,2.484153
5.0,147830,13665,1500,2.134626
5.0,147830,13665,2000,1.386128
5.0,147830,13665,2500,0.886986
5.0,147830,13665,3000,1.039136
5.0,147830,13665,3500,1.114096
5.0,147830,13665,4000,0.626380
5.0,147830,13665,4500,0.560369
5.0,147830,13665,5000,0.437807
5.0,147830,13665,6000,0.574475
5.0,147830,13665,7000,0.541639
5.0,147830,13665,8000,0.263340
5.0,147830,13665,9000,0.439187
5.0,147830,13665,10000,0.400022
5.0,147830,13665,11000,0.579515
5.0,147830,13665,12000,0.480083
5.0,147830,13665,13000,0.709874
5.0,147830,13665,14000,0.884458
5.0,147830,13665,15000,0.767954
5.0,147830,13665,16000,0.645932
5.0,147830,13665,17000,0.675175
5.0,147830,13665,18000,0.813019
5.0,147830,13665,19000,0.820698
5.0,147830,13665,20000,0.671526
5.0,149532,13810,250,2.649259
5.0,149532,13810,500,1.876340
5.0,149532,13810,750,1.081802
5.0,149532,13810,1000,0.989347
5.0,149532,13810,1500,0.846175
5.0,149532,13810,2000,0.475080
5.0,149532,13810,2500,0.020954
5.0,149532,13810,3000,0.095331
5.0,149532,13810,3500,0.052818
5.0,149532,13810,4000,0.046197
5.0,149532,13810,4500,0.158561
5.0,149532,13810,5000,0.185293
5.0,149532,13810,6000,0.643006
5.0,149532,13810,7000,0.668872
5.0,149532,13810,8000,0.356741
5.0,149532,13810,9000,0.252040
5.0,149532,13810,10000,0.001610
5.0,149532,13810,11000,0.059477
5.0,149532,13810,12000,0.065824
5.0,149532,13810,13000,0.098624
5.0,149532,13810,14000,0.273309
5.0,149532,13810,15000,0.381042
5.0,149532,13810,16000,0.309529
5.0,149532,13810,17000,0.355345
5.0,149532,13810,18000,0.354710
5.0,149532,13810,19000,0.379542
5.0,149532,13810,20000,0.334508
5.0,149673,13820,250,0.189424
5.0,149673,13820,500,0.537472
5.0,149673,13820,750,0.758154
5.0,149673,13820,1000,0.800388
5.0,149673,13820,1500,0.915424
5.0,149673,13820,2000,0.853498
5.0,149673,13820,2500,0.711291
5.0,149673,13820,3000,0.595450
5.0,149673,13820,3500,0.633719
5.0,149673,13820,4000,0.580704
5.0,149673,13820,4500,0.428599
5.0,149673,13820,5000,0.191716
5.0,149673,13820,6000,0.238357
5.0,149673,13820,7000,0.198473
5.0,149673,13820,8000,0.181406
5.0,149673,13820,9000,0.125709
5.0,149673,13820,10000,0.117388
5.0,149673,13820,11000,0.090239
5.0,149673,13820,12000,0.119788
5.0,149673,13820,13000,0.042415
5.0,149673,13820,14000,0.173180
5.0,149673,13820,15000,0.249031
5.0,149673,13820,16000,0.340382
5.0,149673,13820,17000,0.273213
5.0,149673,13820,18000,0.301525
5.0,149673,13820,19000,0.255421
5.0,149673,13820,20000,0.298925
5.3,199675,17956,250,2.467263
5.3,199675,17956,500,1.335804
5.3,199675,17956,750,1.056392
5.3,199675,17956,1000,0.138825
5.3,199675,17956,1500,0.927663
5.3,199675,17956,2000,0.794053
5.3,199675,17956,2500,0.363537
5.3,199675,17956,3000,0.104642
5.3,199675,17956,3500,0.081199
5.3,199675,17956,4000,0.342688
5.3,199675,17956,4500,0.442306
5.3,199675,17956,5000,0.418611
5.3,199675,17956,6000,0.420177
5.3,199675,17956,7000,0.204600
5.3,199675,17956,8000,0.228088
5.3,199675,17956,9000,0.187865
5.3,199675,17956,10000,0.047543
5.3,199675,17956,11000,0.105289
5.3,199675,17956,12000,0.267756
5.3,199675,17956,13000,0.311215
5.3,199675,17956,14000,0.514086
5.3,199675,17956,15000,0.438862
5.3,199675,17956,16000,0.320411
5.3,199675,17956,17000,0.262934
5.3,199675,17956,18000,0.084247
5.3,199675,17956,19000,0.057238
5.3,199675,17956,20000,0.049129
5.3,201366,18088,250,2.764495
5.3,201366,18088,500,0.701060
5.3,201366,18088,750,0.002212
5.3,201366,18088,1000,0.416825
5.3,201366,18088,1500,0.506212
5.3,201366,18088,2000,0.390077
5.3,201366,18088,2500,0.186917
5.3,201366,18088,3000,0.010506
5.3,201366,18088,3500,0.069978
5.3,201366,18088,4000,0.074358
5.3,201366,18088,4500,0.064481
5.3,201366,18088,5000,0.148804
5.3,201366,18088,6000,0.278679
5.3,201366,18088,7000,0.423471
5.3,201366,18088,8000,0.326647
5.3,201366,18088,9000,0.126958
5.3,201366,18088,10000,0.330233
5.3,201366,18088,11000,0.323146
5.3,201366,18088,12000,0.186870
5.3,201366,18088,13000,0.239646
5.3,201366,18088,14000,0.419508
5.3,201366,18088,15000,0.481434
5.3,201366,18088,16000,0.450534
5.3,201366,18088,17000,0.427687
5.3,201366,18088,18000,0.242864
5.3,201366,18088,19000,0.325001
5.3,201366,18088,20000,0.319516
5.3,207689,18611,250,3.377517
5.3,207689,18611,500,4.027888
5.3,207689,18611,750,3.315367
5.3,207689,18611,1000,1.758086
5.3,207689,18611,1500,1.557138
5.3,207689,18611,2000,0.747675
5.3,207689,18611,2500,0.784440
5.3,207689,18611,3000,0.751538
5.3,207689,18611,3500,0.237900
5.3,207689,18611,4000,0.528043
5.3,207689,18611,4500,0.364327
5.3,207689,18611,5000,0.901012
5.3,207689,18611,6000,1.137322
5.3,207689,18611,7000,1.298008
5.3,207689,18611,8000,0.845001
5.3,207689,18611,9000,0.492822
5.3,207689,18611,10000,0.435298
5.3,207689,18611,11000,0.498581
5.3,207689,18611,12000,0.522350
5.3,207689,18611,13000,0.443890
5.3,207689,18611,14000,0.503011
5.3,207689,18611,15000,0.359987
5.3,207689,18611,16000,0.235449
5.3,207689,18611,17000,0.355995
5.3,207689,18611,18000,0.421260
5.3,207689,18611,19000,0.283461
5.3,207689,18611,20000,0.383208
5.3,211751,18956,250,1.673464
5.3,211751,18956,500,1.063286
5.3,211751,18956,750,0.368790
5.3,211751,18956,1000,0.630536
5.3,211751,18956,1500,1.012622
5.3,211751,18956,2000,1.631762
5.3,211751,18956,2500,1.162403
5.3,211751,18956,3000,0.819229
5.3,211751,18956,3500,1.146356
5.3,211751,18956,4000,1.212231
5.3,211751,18956,4500,1.255680
5.3,211751,18956,5000,0.989469
5.3,211751,18956,6000,0.713971
5.3,211751,18956,7000,0.530775
5.3,211751,18956,8000,0.514627
5.3,211751,18956,9000,0.635348
5.3,211751,18956,10000,0.655793
5.3,211751,18956,11000,0.483943
5.3,211751,18956,12000,0.606981
5.3,211751,18956,13000,0.748048
5.3,211751,18956,14000,0.844656
5.3,211751,18956,15000,0.872715
5.3,211751,18956,16000,0.959719
5.3,211751,18956,17000,1.116407
5.3,211751,18956,18000,0.995486
5.3,211751,18956,19000,0.882869
5.3,211751,18956,20000,0.691697
5.3,212725,19026,250,0.232984
5.3,212725,19026,500,0.024600
5.3,212725,19026,750,0.762041
5.3,212725,19026,1000,1.288459
5.3,212725,19026,1500,0.642907
5.3,212725,19026,2000,1.003644
5.3,212725,19026,2500,0.644177
5.3,212725,19026,3000,0.957653
5.3,212725,19026,3500,0.978239
5.3,212725,19026,4000,1.153649
5.3,212725,19026,4500,1.317422
5.3,212725,19026,5000,0.962002
5.3,212725,19026,6000,0.496062
5.3,212725,19026,7000,0.305309
5.3,212725,19026,8000,0.226141
5.3,212725,19026,9000,0.037606
5.3,212725,19026,10000,0.032738
5.3,212725,19026,11000,0.067372
5.3,212725,19026,12000,0.007431
5.3,212725,19026,13000,0.144334
5.3,212725,19026,14000,0.290105
5.3,212725,19026,15000,0.227615
5.3,212725,19026,16000,0.244729
5.3,212725,19026,17000,0.096112
5.3,212725,19026,18000,0.226938
5.3,212725,19026,19000,0.034352
5.3,212725,19026,20000,0.077788
5.3,226327,20128,250,1.163898
5.3,226327,20128,500,0.474051
5.3,226327,20128,750,1.707892
5.3,226327,20128,1000,1.060893
5.3,226327,20128,1500,0.140256
5.3,226327,20128,2000,0.592816
5.3,226327,20128,2500,0.575037
5.3,226327,20128,3000,0.811379
5.3,226327,20128,3500,0.308845
5.3,226327,20128,4000,0.507221
5.3,226327,20128,4500,0.530675
5.3,226327,20128,5000,0.512200
5.3,226327,20128,6000,0.231032
5.3,226327,20128,7000,0.334965
5.3,226327,20128,8000,0.269210
5.3,226327,20128,9000,0.044193
5.3,226327,20128,10000,0.104520
5.3,226327,20128,11000,0.175401
5.3,226327,20128,12000,0.285279
5.3,226327,20128,13000,0.168035
5.3,226327,20128,14000,0.212422
5.3,226327,20128,15000,0.255489
5.3,226327,20128,16000,0.106949
5.3,226327,20128,17000,0.223739
5.3,226327,20128,18000,0.049541
5.3,226327,20128,19000,0.077207
5.3,226327,20128,20000,0.122258
5.3,231495,20560,250,0.663934
5.3,231495,20560,500,0.436604
5.3,231495,20560,750,0.393543
5.3,231495,20560,1000,1.109178
5.3,231495,20560,1500,1.153643
5.3,231495,20560,2000,0.886453
5.3,231495,20560,2500,0.104751
5.3,231495,20560,3000,0.027930
5.3,231495,20560,3500,0.165931
5.3,231495,20560,4000,0.095046
5.3,231495,20560,4500,0.544334
5.3,231495,20560,5000,0.698003
5.3,231495,20560,6000,1.232750
5.3,231495,20560,7000,1.073514
5.3,231495,20560,8000,1.009538
5.3,231495,20560,9000,0.949963
5.3,231495,20560,10000,0.771074
5.3,231495,20560,11000,0.814781
5.3,231495,20560,12000,0.864823
5.3,231495,20560,13000,0.566064
5.3,231495,20560,14000,0.540509
5.3,231495,20560,15000,0.535721
5.3,231495,20560,16000,0.451963
5.3,231495,20560,17000,0.641020
5.3,231495,20560,18000,0.452257
5.3,231495,20560,19000,0.480889
5.3,231495,20560,20000,0.555734
5.3,233669,20723,250,0.113808
5.3,233669,20723,500,1.875897
5.3,233669,20723,750,1.073470
5.3,233669,20723,1000,1.038612
5.3,233669,20723,1500,0.224254
5.3,233669,20723,2000,0.240681
5.3,233669,20723,2500,0.050757
5.3,233669,20723,3000,0.668963
5.3,233669,20723,3500,0.497621
5.3,233669,20723,4000,0.218392
5.3,233669,20723,4500,0.030874
5.3,233669,20723,5000,0.254458
5.3,233669,20723,6000,0.439721
5.3,233669,20723,7000,0.226518
5.3,233669,20723,8000,0.083792
5.3,233669,20723,9000,0.056033
5.3,233669,20723,10000,0.124799
5.3,233669,20723,11000,0.067275
5.3,233669,20723,12000,0.030279
5.3,233669,20723,13000,0.142165
5.3,233669,20723,14000,0.076584
5.3,233669,20723,15000,0.140197
5.3,233669,20723,16000,0.097372
5.3,233669,20723,17000,0.060049
5.3,233669,20723,18000,0.150523
5.3,233669,20723,19000,0.261427
5.3,233669,20723,20000,0.347432
5.3,240970,21300,250,0.136042
5.3,240970,21300,500,0.795276
5.3,240970,21300,750,2.108333
5.3,240970,21300,1000,1.987033
5.3,240970,21300,1500,1.458329
5.3,240970,21300,2000,1.108411
5.3,240970,21300,2500,0.904574
5.3,240970,21300,3000,0.908689
5.3,240970,21300,3500,0.970217
5.3,240970,21300,4000,0.992587
5.3,240970,21300,4500,0.871337
5.3,240970,21300,5000,1.015348
5.3,240970,21300,6000,1.217664
5.3,240970,21300,7000,1.271948
5.3,240970,21300,8000,1.046669
5.3,240970,21300,9000,0.929790
5.3,240970,21300,10000,1.075544
5.3,240970,21300,11000,1.058492
5.3,240970,21300,12000,1.184367
5.3,240970,21300,13000,1.193578
5.3,240970,21300,14000,1.166130
5.3,240970,21300,15000,0.943560
5.3,240970,21300,16000,0.865695
5.3,240970,21300,17000,0.825492
5.3,240970,21300,18000,0.726428
5.3,240970,21300,19000,0.838978
5.3,240970,21300,20000,0.847357
5.3,242805,21455,250,2.084281
5.3,242805,21455,500,1.208259
5.3,242805,21455,750,1.459131
5.3,242805,21455,1000,1.683585
5.3,242805,21455,1500,0.264632
5.3,242805,21455,2000,0.217691
5.3,242805,21455,2500,0.156397
5.3,242805,21455,3000,0.058389
5.3,242805,21455,3500,0.458061
5.3,242805,21455,4000,0.499682
5.3,242805,21455,4500,0.212796
5.3,242805,21455,5000,0.275410
5.3,242805,21455,6000,0.220247
5.3,242805,21455,7000,0.162789
5.3,242805,21455,8000,0.108915
5.3,242805,21455,9000,0.021727
5.3,242805,21455,10000,0.035726
5.3,242805,21455,11000,0.019341
5.3,242805,21455,12000,0.189043
5.3,242805,21455,13000,0.265354
5.3,242805,21455,14000,0.268541
5.3,242805,21455,15000,0.518075
5.3,242805,21455,16000,0.431886
5.3,242805,21455,17000,0.495502
5.3,242805,21455,18000,0.396152
5.3,242805,21455,19000,0.495074
5.3,242805,21455,20000,0.443341
5.3,243190,21482,250,1.109756
5.3,243190,21482,500,0.080150
5.3,243190,21482,750,0.900340
5.3,243190,21482,1000,0.225505
5.3,243190,21482,1500,0.818054
5.3,243190,21482,2000,0.675196
5.3,243190,21482,2500,0.246218
5.3,243190,21482,3000,0.288350
5.3,243190,21482,3500,0.233493
5.3,243190,21482,4000,0.496498
5.3,243190,21482,4500,0.643724
5.3,243190,21482,5000,0.852048
5.3,243190,21482,6000,0.823360
5.3,243190,21482,7000,0.960812
5.3,243190,21482,8000,0.684772
5.3,243190,21482,9000,0.831677
5.3,243190,21482,10000,0.849742
5.3,243190,21482,11000,0.653770
5.3,243190,21482,12000,0.789101
5.3,243190,21482,13000,0.801397
5.3,243190,21482,14000,0.796803
5.3,243190,21482,15000,0.561131
5.3,243190,21482,16000,0.527686
5.3,243190,21482,17000,0.428802
5.3,243190,21482,18000,0.320950
5.3,243190,21482,19000,0.434498
5.3,243190,21482,20000,0.527599
5.3,245898,21704,250,0.745635
5.3,245898,21704,500,0.375000
5.3,245898,21704,750,1.194593
5.3,245898,21704,1000,0.077133
5.3,245898,21704,1500,0.419878
5.3,245898,21704,2000,0.046145
5.3,245898,21704,2500,0.295374
5.3,245898,21704,3000,0.674929
5.3,245898,21704,3500,0.369292
5.3,245898,21704,4000,0.691342
5.3,245898,21704,4500,0.553908
5.3,245898,21704,5000,0.586863
5.3,245898,21704,6000,0.394151
5.3,245898,21704,7000,0.160408
5.3,245898,21704,8000,0.100687
5.3,245898,21704,9000,0.107900
5.3,245898,21704,10000,0.188796
5.3,245898,21704,11000,0.003530
5.3,245898,21704,12000,0.010277
5.3,245898,21704,13000,0.042096
5.3,245898,21704,14000,0.346806
5.3,245898,21704,15000,0.530381
5.3,245898,21704,16000,0.494853
5.3,245898,21704,17000,0.584973
5.3,245898,21704,18000,0.517973
5.3,245898,21704,19000,0.679288
5.3,245898,21704,20000,0.646478
5.3,251800,22185,250,1.313808
5.3,251800,22185,500,1.897021
5.3,251800,22185,750,2.682254
5.3,251800,22185,1000,2.500989
5.3,251800,22185,1500,1.782694
5.3,251800,22185,2000,1.457192
5.3,251800,22185,2500,1.714263
5.3,251800,22185,3000,1.261969
5.3,251800,22185,3500,1.163274
5.3,251800,22185,4000,0.156537
5.3,251800,22185,4500,0.210228
5.3,251800,22185,5000,0.246302
5.3,251800,22185,6000,0.282936
5.3,251800,22185,7000,0.012491
5.3,251800,22185,8000,0.168377
5.3,251800,22185,9000,0.176903
5.3,251800,22185,10000,0.323184
5.3,251800,22185,11000,0.697943
5.3,251800,22185,12000,0.612390
5.3,251800,22185,13000,0.367170
5.3,251800,22185,14000,0.387923
5.3,251800,22185,15000,0.202253
5.3,251800,22185,16000,0.325157
5.3,251800,22185,17000,0.276963
5.3,251800,22185,18000,0.339488
5.3,251800,22185,19000,0.452017
5.3,251800,22185,20000,0.440758
5.3,256433,22557,250,0.239526
5.3,256433,22557,500,1.711080
5.3,256433,22557,750,0.144512
5.3,256433,22557,1000,1.714594
5.3,256433,22557,1500,1.920190
5.3,256433,22557,2000,1.219199
5.3,256433,22557,2500,0.876280
5.3,256433,22557,3000,0.496206
5.3,256433,22557,3500,0.235179
5.3,256433,22557,4000,0.093096
5.3,256433,22557,4500,0.073184
5.3,256433,22557,5000,0.027435
5.3,256433,22557,6000,0.045616
5.3,256433,22557,7000,0.265370
5.3,256433,22557,8000,0.339116
5.3,256433,22557,9000,0.488624
5.3,256433,22557,10000,0.394914
5.3,256433,22557,11000,0.140437
5.3,256433,22557,12000,0.078729
5.3,256433,22557,13000,0.044672
5.3,256433,22557,14000,0.123816
5.3,256433,22557,15000,0.258790
5.3,256433,22557,16000,0.175348
5.3,256433,22557,17000,0.211952
5.3,256433,22557,18000,0.259282
5.3,256433,22557,19000,0.128286
5.3,256433,22557,20000,0.061264
5.3,257550,22642,250,1.312723
5.3,257550,22642,500,3.618008
5.3,257550,22642,750,2.471722
5.3,257550,22642,1000,2.045362
5.3,257550,22642,1500,1.661907
5.3,257550,22642,2000,0.998337
5.3,257550,22642,2500,0.747475
5.3,257550,22642,3000,0.712928
5.3,257550,22642,3500,0.722204
5.3,257550,22642,4000,0.782665
5.3,257550,22642,4500,0.667717
5.3,257550,22642,5000,0.557527
5.3,257550,22642,6000,0.751877
5.3,257550,22642,7000,0.666680
5.3,257550,22642,8000,0.306894
5.3,257550,22642,9000,0.010303
5.3,257550,22642,10000,0.158552
5.3,257550,22642,11000,0.164063
5.3,257550,22642,12000,0.099646
5.3,257550,22642,13000,0.009785
5.3,257550,22642,14000,0.016986
5.3,257550,22642,15000,0.175663
5.3,257550,22642,16000,0.157398
5.3,257550,22642,17000,0.156391
5.3,257550,22642,18000,0.060085
5.3,257550,22642,19000,0.053989
5.3,257550,22642,20000,0.014463
5.3,261410,22943,250,0.316062
5.3,261410,22943,500,1.225392
5.3,261410,22943,750,1.220212
5.3,261410,22943,1000,1.905739
5.3,261410,22943,1500,0.977595
5.3,261410,22943,2000,0.731236
5.3,261410,22943,2500,0.331285
5.3,261410,22943,3000,0.743262
5.3,261410,22943,3500,0.251283
5.3,261410,22943,4000,0.020988
5.3,261410,22943,4500,0.134593
5.3,261410,22943,5000,0.300075
5.3,261410,22943,6000,0.683069
5.3,261410,22943,7000,0.707094
5.3,261410,22943,8000,0.297710
5.3,261410,22943,9000,0.705318
5.3,261410,22943,10000,0.461449
5.3,261410,22943,11000,0.454047
5.3,261410,22943,12000,0.203971
5.3,261410,22943,13000,0.081816
5.3,261410,22943,14000,0.048341
5.3,261410,22943,15000,0.109343
5.3,261410,22943,16000,0.179333
5.3,261410,22943,17000,0.090301
5.3,261410,22943,18000,0.152637
5.3,261410,22943,19000,0.273947
5.3,261410,22943,20000,0.366123
5.3,262048,22989,250,2.308143
5.3,262048,22989,500,3.573817
5.3,262048,22989,750,3.763687
5.3,262048,22989,1000,2.763187
5.3,262048,22989,1500,2.701230
5.3,262048,22989,2000,2.580989
5.3,262048,22989,2500,1.793793
5.3,262048,22989,3000,1.470683
5.3,262048,22989,3500,1.095671
5.3,262048,22989,4000,1.166887
5.3,262048,22989,4500,0.897990
5.3,262048,22989,5000,1.282537
5.3,262048,22989,6000,0.740189
5.3,262048,22989,7000,0.954641
5.3,262048,22989,8000,0.676350
5.3,262048,22989,9000,0.783728
5.3,262048,22989,10000,0.950377
5.3,262048,22989,11000,0.833142
5.3,262048,22989,12000,0.795289
5.3,262048,22989,13000,0.773549
5.3,262048,22989,14000,0.813080
5.3,262048,22989,15000,0.878195
5.3,262048,22989,16000,1.022471
5.3,262048,22989,17000,1.084937
5.3,262048,22989,18000,1.042921
5.3,262048,22989,19000,1.230688
5.3,262048,22989,20000,0.983512
5.3,264220,23169,250,1.769310
5.3,264220,23169,500,2.556285
5.3,264220,23169,750,1.715766
5.3,264220,23169,1000,1.077796
5.3,264220,23169,1500,0.541375
5.3,264220,23169,2000,0.437237
5.3,264220,23169,2500,0.286678
5.3,264220,23169,3000,0.489417
5.3,264220,23169,3500,0.094913
5.3,264220,23169,4000,0.295970
5.3,264220,23169,4500,0.177094
5.3,264220,23169,5000,0.054375
5.3,264220,23169,6000,0.006968
5.3,264220,23169,7000,0.111377
5.3,264220,23169,8000,0.044854
5.3,264220,23169,9000,0.269653
5.3,264220,23169,10000,0.016282
5.3,264220,23169,11000,0.001435
5.3,264220,23169,12000,0.010548
5.3,264220,23169,13000,0.202084
5.3,264220,23169,14000,0.205431
5.3,264220,23169,15000,0.057989
5.3,264220,23169,16000,0.230829
5.3,264220,23169,17000,0.163886
5.3,264220,23169,18000,0.075117
5.3,264220,23169,19000,0.166465
5.3,264220,23169,20000,0.120902
5.3,267860,23477,250,7.631417
5.3,267860,23477,500,5.650565
5.3,267860,23477,750,2.206224
5.3,267860,23477,1000,0.297734
5.3,267860,23477,1500,0.933109
5.3,267860,23477,2000,0.948510
5.3,267860,23477,2500,1.038087
5.3,267860,23477,3000,1.199284
5.3,267860,23477,3500,1.202259
5.3,267860,23477,4000,1.379697
5.3,267860,23477,4500,1.538128
5.3,267860,23477,5000,1.209760
5.3,267860,23477,6000,0.890314
5.3,267860,23477,7000,0.666943
5.3,267860,23477,8000,0.629525
5.3,267860,23477,9000,0.758826
5.3,267860,23477,10000,0.494381
5.3,267860,23477,11000,0.429565
5.3,267860,23477,12000,0.150805
5.3,267860,23477,13000,0.209702
5.3,267860,23477,14000,0.166298
5.3,267860,23477,15000,0.120105
5.3,267860,23477,16000,0.015376
5.3,267860,23477,17000,0.033651
5.3,267860,23477,18000,0.073119
5.3,267860,23477,19000,0.056147
5.3,267860,23477,20000,0.049235
5.3,271445,23760,250,1.714862
5.3,271445,23760,500,0.147204
5.3,271445,23760,750,1.558749
5.3,271445,23760,1000,0.652095
5.3,271445,23760,1500,1.867204
5.3,271445,23760,2000,0.943536
5.3,271445,23760,2500,1.262840
5.3,271445,23760,3000,1.432644
5.3,271445,23760,3500,1.300264
5.3,271445,23760,4000,1.176707
5.3,271445,23760,4500,1.041009
5.3,271445,23760,5000,1.123897
5.3,271445,23760,6000,0.859293
5.3,271445,23760,7000,0.723581
5.3,271445,23760,8000,0.603426
5.3,271445,23760,9000,0.835210
5.3,271445,23760,10000,0.421671
5.3,271445,23760,11000,0.672933
5.3,271445,23760,12000,0.754714
5.3,271445,23760,13000,0.684838
5.3,271445,23760,14000,0.455315
5.3,271445,23760,15000,0.471907
5.3,271445,23760,16000,0.398332
5.3,271445,23760,17000,0.266711
5.3,271445,23760,18000,0.245524
5.3,271445,23760,19000,0.074846
5.3,271445,23760,20000,0.011210
5.3,271946,23801,250,0.954916
5.3,271946,23801,500,0.212808
5.3,271946,23801,750,1.404322
5.3,271946,23801,1000,0.745527
5.3,271946,23801,1500,2.236609
5.3,271946,23801,2000,1.847309
5.3,271946,23801,2500,1.120904
5.3,271946,23801,3000,0.937248
5.3,271946,23801,3500,0.723390
5.3,271946,23801,4000,0.243299
5.3,271946,23801,4500,0.138788
5.3,271946,23801,5000,0.163604
5.3,271946,23801,6000,0.030635
5.3,271946,23801,7000,0.130339
5.3,271946,23801,8000,0.025899
5.3,271946,23801,9000,0.252448
5.3,271946,23801,10000,0.771870
5.3,271946,23801,11000,0.576845
5.3,271946,23801,12000,0.561836
5.3,271946,23801,13000,0.462840
5.3,271946,23801,14000,0.353780
5.3,271946,23801,15000,0.351485
5.3,271946,23801,16000,0.516749
5.3,271946,23801,17000,0.428465
5.3,271946,23801,18000,0.320271
5.3,271946,23801,19000,0.515466
5.3,271946,23801,20000,0.545779
5.3,272901,23876,250,1.007843
5.3,272901,23876,500,2.961870
5.3,272901,23876,750,4.168014
5.3,272901,23876,1000,4.086541
5.3,272901,23876,1500,2.650882
5.3,272901,23876,2000,1.810415
5.3,272901,23876,2500,0.922498
5.3,272901,23876,3000,1.016948
5.3,272901,23876,3500,1.551655
5.3,272901,23876,4000,1.506774
5.3,272901,23876,4500,1.269154
5.3,272901,23876,5000,0.983665
5.3,272901,23876,6000,0.729772
5.3,272901,23876,7000,0.843881
5.3,272901,23876,8000,0.986953
5.3,272901,23876,9000,0.885708
5.3,272901,23876,10000,0.500028
5.3,272901,23876,11000,0.478184
5.3,272901,23876,12000,0.615065
5.3,272901,23876,13000,0.512390
5.3,272901,23876,14000,0.443921
5.3,272901,23876,15000,0.450827
5.3,272901,23876,16000,0.348117
5.3,272901,23876,17000,0.301593
5.3,272901,23876,18000,0.477896
5.3,272901,23876,19000,0.537226
5.3,272901,23876,20000,0.538558
5.3,279596,24403,250,2.630511
5.3,279596,24403,500,0.038859
5.3,279596,24403,750,0.305458
5.3,279596,24403,1000,0.439133
5.3,279596,24403,1500,1.398365
5.3,279596,24403,2000,1.136596
5.3,279596,24403,2500,0.341237
5.3,279596,24403,3000,0.615373
5.3,279596,24403,3500,0.686646
5.3,279596,24403,4000,0.805967
5.3,279596,24403,4500,0.483138
5.3,279596,24403,5000,0.107469
5.3,279596,24403,6000,0.556199
5.3,279596,24403,7000,0.723338
5.3,279596,24403,8000,0.738104
5.3,279596,24403,9000,0.643562
5.3,279596,24403,10000,0.685962
5.3,279596,24403,11000,0.570672
5.3,279596,24403,12000,0.719544
5.3,279596,24403,13000,0.708918
5.3,279596,24403,14000,0.515501
5.3,279596,24403,15000,0.322847
5.3,279596,24403,16000,0.353650
5.3,279596,24403,17000,0.442423
5.3,279596,24403,18000,0.247102
5.3,279596,24403,19000,0.247158
5.3,279596,24403,20000,0.572817
5.3,279728,24414,250,3.155411
5.3,279728,24414,500,1.027929
5.3,279728,24414,750,1.703665
5.3,279728,24414,1000,2.059824
5.3,279728,24414,1500,1.911191
5.3,279728,24414,2000,1.435748
5.3,279728,24414,2500,0.803574
5.3,279728,24414,3000,0.184518
5.3,279728,24414,3500,0.243775
5.3,279728,24414,4000,0.474443
5.3,279728,24414,4500,0.027626
5.3,279728,24414,5000,0.224936
5.3,279728,24414,6000,0.465343
5.3,279728,24414,7000,0.577934
5.3,279728,24414,8000,0.387925
5.3,279728,24414,9000,0.333868
5.3,279728,24414,10000,0.216467
5.3,279728,24414,11000,0.328277
5.3,279728,24414,12000,0.167370
5.3,279728,24414,13000,0.153110
5.3,279728,24414,14000,0.284588
5.3,279728,24414,15000,0.489607
5.3,279728,24414,16000,0.513633
5.3,279728,24414,17000,0.358423
5.3,279728,24414,18000,0.223021
5.3,279728,24414,19000,0.147408
5.3,279728,24414,20000,0.260611
5.3,281480,24554,250,4.295259
5.3,281480,24554,500,2.773913
5.3,281480,24554,750,2.651525
5.3,281480,24554,1000,2.285254
5.3,281480,24554,1500,0.558836
5.3,281480,24554,2000,0.909044
5.3,281480,24554,2500,0.616609
5.3,281480,24554,3000,0.813726
5.3,281480,24554,3500,0.976207
5.3,281480,24554,4000,0.843503
5.3,281480,24554,4500,0.853522
5.3,281480,24554,5000,0.629256
5.3,281480,24554,6000,0.191851
5.3,281480,24554,7000,0.173010
5.3,281480,24554,8000,0.105222
5.3,281480,24554,9000,0.117232
5.3,281480,24554,10000,0.130249
5.3,281480,24554,11000,0.093471
5.3,281480,24554,12000,0.087491
5.3,281480,24554,13000,0.279779
5.3,281480,24554,14000,0.198281
5.3,281480,24554,15000,0.319927
5.3,281480,24554,16000,0.135587
5.3,281480,24554,17000,0.355918
5.3,281480,24554,18000,0.302744
5.3,281480,24554,19000,0.134137
5.3,281480,24554,20000,0.093402
5.3,283467,24712,250,3.100943
5.3,283467,24712,500,1.923339
5.3,283467,24712,750,2.150953
5.3,283467,24712,1000,2.900355
5.3,283467,24712,1500,1.962792
5.3,283467,24712,2000,2.263018
5.3,283467,24712,2500,1.232170
5.3,283467,24712,3000,0.715611
5.3,283467,24712,3500,0.368550
5.3,283467,24712,4000,0.030652
5.3,283467,24712,4500,0.096408
5.3,283467,24712,5000,0.114769
5.3,283467,24712,6000,0.587455
5.3,283467,24712,7000,0.395888
5.3,283467,24712,8000,0.382610
5.3,283467,24712,9000,0.374976
5.3,283467,24712,10000,0.093462
5.3,283467,24712,11000,0.093923
5.3,283467,24712,12000,0.210596
5.3,283467,24712,13000,0.076681
5.3,283467,24712,14000,0.049966
5.3,283467,24712,15000,0.060934
5.3,283467,24712,16000,0.098301
5.3,283467,24712,17000,0.149716
5.3,283467,24712,18000,0.196084
5.3,283467,24712,19000,0.122939
5.3,283467,24712,20000,0.385034
5.3,287102,24998,250,1.082216
5.3,287102,24998,500,1.785568
5.3,287102,24998,750,3.037595
5.3,287102,24998,1000,2.686358
5.3,287102,24998,1500,3.136906
5.3,287102,24998,2000,1.708107
5.3,287102,24998,2500,0.407564
5.3,287102,24998,3000,0.187873
5.3,287102,24998,3500,0.264034
5.3,287102,24998,4000,0.471391
5.3,287102,24998,4500,0.833954
5.3,287102,24998,5000,1.034383
5.3,287102,24998,6000,0.584114
5.3,287102,24998,7000,0.021562
5.3,287102,24998,8000,0.185338
5.3,287102,24998,9000,0.152138
5.3,287102,24998,10000,0.262741
5.3,287102,24998,11000,0.487810
5.3,287102,24998,12000,0.363199
5.3,287102,24998,13000,0.393834
5.3,287102,24998,14000,0.578501
5.3,287102,24998,15000,0.729386
5.3,287102,24998,16000,0.757692
5.3,287102,24998,17000,0.828015
5.3,287102,24998,18000,0.737458
5.3,287102,24998,19000,0.809789
5.3,287102,24998,20000,0.718486
5.3,292620,25432,250,0.716773
5.3,292620,25432,500,1.296859
5.3,292620,25432,750,1.043328
5.3,292620,25432,1000,1.078195
5.3,292620,25432,1500,0.443105
5.3,292620,25432,2000,1.002231
5.3,292620,25432,2500,0.876103
5.3,292620,25432,3000,1.055676
5.3,292620,25432,3500,0.868032
5.3,292620,25432,4000,0.623572
5.3,292620,25432,4500,0.468207
5.3,292620,25432,5000,0.705205
5.3,292620,25432,6000,0.593653
5.3,292620,25432,7000,0.531000
5.3,292620,25432,8000,0.510579
5.3,292620,25432,9000,0.550871
5.3,292620,25432,10000,0.128222
5.3,292620,25432,11000,0.492336
5.3,292620,25432,12000,0.046193
5.3,292620,25432,13000,0.069788
5.3,292620,25432,14000,0.069312
5.3,292620,25432,15000,0.121293
5.3,292620,25432,16000,0.126065
5.3,292620,25432,17000,0.254368
5.3,292620,25432,18000,0.397334
5.3,292620,25432,19000,0.410108
5.3,292620,25432,20000,0.526696
5.3,293859,25522,250,2.808531
5.3,293859,25522,500,2.167628
5.3,293859,25522,750,0.440258
5.3,293859,25522,1000,0.521767
5.3,293859,25522,1500,0.385745
5.3,293859,25522,2000,0.706816
5.3,293859,25522,2500,0.612338
5.3,293859,25522,3000,0.444916
5.3,293859,25522,3500,0.752693
5.3,293859,25522,4000,0.712629
5.3,293859,25522,4500,0.459817
5.3,293859,25522,5000,0.395333
5.3,293859,25522,6000,0.733904
5.3,293859,25522,7000,0.322257
5.3,293859,25522,8000,0.385262
5.3,293859,25522,9000,0.521457
5.3,293859,25522,10000,0.784350
5.3,293859,25522,11000,1.035107
5.3,293859,25522,12000,1.303608
5.3,293859,25522,13000,1.105812
5.3,293859,25522,14000,0.989992
5.3,293859,25522,15000,0.854576
5.3,293859,25522,16000,0.644049
5.3,293859,25522,17000,0.781480
5.3,293859,25522,18000,0.839418
5.3,293859,25522,19000,0.645405
5.3,293859,25522,20000,0.774071
5.3,295245,25633,250,1.536605
5.3,295245,25633,500,1.118257
5.3,295245,25633,750,0.162279
5.3,295245,25633,1000,0.460679
5.3,295245,25633,1500,0.787549
5.3,295245,25633,2000,2.325593
5.3,295245,25633,2500,2.476709
5.3,295245,25633,3000,1.112646
5.3,295245,25633,3500,0.930152
5.3,295245,25633,4000,0.379856
5.3,295245,25633,4500,0.742608
5.3,295245,25633,5000,0.935112
5.3,295245,25633,6000,0.779423
5.3,295245,25633,7000,0.558079
5.3,295245,25633,8000,0.254785
5.3,295245,25633,9000,0.486558
5.3,295245,25633,10000,0.507539
5.3,295245,25633,11000,0.631002
5.3,295245,25633,12000,0.513559
5.3,295245,25633,13000,0.243639
5.3,295245,25633,14000,0.343274
5.3,295245,25633,15000,0.305433
5.3,295245,25633,16000,0.239319
5.3,295245,25633,17000,0.117418
5.3,295245,25633,18000,0.209664
5.3,295245,25633,19000,0.299487
5.3,295245,25633,20000,0.390910
5.5,332737,28619,250,2.348451
5.5,332737,28619,500,1.041634
5.5,332737,28619,750,1.675114
5.5,332737,28619,1000,0.442259
5.5,332737,28619,1500,0.354272
5.5,332737,28619,2000,0.523571
5.5,332737,28619,2500,0.143306
5.5,332737,28619,3000,0.299917
5.5,332737,28619,3500,0.054697
5.5,332737,28619,4000,0.580074
5.5,332737,28619,4500,0.401557
5.5,332737,28619,5000,0.349261
5.5,332737,28619,6000,0.811929
5.5,332737,28619,7000,0.121739
5.5,332737,28619,8000,0.195726
5.5,332737,28619,9000,0.051277
5.5,332737,28619,10000,0.321246
5.5,332737,28619,11000,0.383219
5.5,332737,28619,12000,0.553736
5.5,332737,28619,13000,0.245790
5.5,332737,28619,14000,0.221239
5.5,332737,28619,15000,0.163351
5.5,332737,28619,16000,0.033121
5.5,332737,28619,17000,0.020568
5.5,332737,28619,18000,0.064631
5.5,332737,28619,19000,0.095101
5.5,332737,28619,20000,0.025877
5.5,337315,28981,250,0.420237
5.5,337315,28981,500,1.398651
5.5,337315,28981,750,1.303412
5.5,337315,28981,1000,0.080884
5.5,337315,28981,1500,0.337917
5.5,337315,28981,2000,0.027509
5.5,337315,28981,2500,0.820678
5.5,337315,28981,3000,0.856996
5.5,337315,28981,3500,0.516899
5.5,337315,28981,4000,0.038100
5.5,337315,28981,4500,0.703030
5.5,337315,28981,5000,1.055847
5.5,337315,28981,6000,0.545845
5.5,337315,28981,7000,0.432219
5.5,337315,28981,8000,0.752349
5.5,337315,28981,9000,0.591891
5.5,337315,28981,10000,0.259809
5.5,337315,28981,11000,0.061313
5.5,337315,28981,12000,0.146347
5.5,337315,28981,13000,0.136788
5.5,337315,28981,14000,0.387554
5.5,337315,28981,15000,0.621063
5.5,337315,28981,16000,0.385587
5.5,337315,28981,17000,0.843634
5.5,337315,28981,18000,0.806117
5.5,337315,28981,19000,0.720317
5.5,337315,28981,20000,0.773311
5.5,340138,29198,250,0.342486
5.5,340138,29198,500,4.018358
5.5,340138,29198,750,3.787609
5.5,340138,29198,1000,3.518121
5.5,340138,29198,1500,3.183189
5.5,340138,29198,2000,3.403830
5.5,340138,29198,2500,2.554737
5.5,340138,29198,3000,2.980247
5.5,340138,29198,3500,3.215250
5.5,340138,29198,4000,3.804476
5.5,340138,29198,4500,3.056611
5.5,340138,29198,5000,2.618906
5.5,340138,29198,6000,2.524936
5.5,340138,29198,7000,1.941440
5.5,340138,29198,8000,1.781714
5.5,340138,29198,9000,1.322928
5.5,340138,29198,10000,1.236195
5.5,340138,29198,11000,1.260024
5.5,340138,29198,12000,1.229199
5.5,340138,29198,13000,1.399925
5.5,340138,29198,14000,1.211054
5.5,340138,29198,15000,1.124050
5.5,340138,29198,16000,1.223625
5.5,340138,29198,17000,0.973461
5.5,340138,29198,18000,0.935103
5.5,340138,29198,19000,1.269591
5.5,340138,29198,20000,1.222514
5.5,340247,29203,250,2.871266
5.5,340247,29203,500,0.760106
5.5,340247,29203,750,0.453962
5.5,340247,29203,1000,0.078973
5.5,340247,29203,1500,0.265490
5.5,340247,29203,2000,0.268609
5.5,340247,29203,2500,0.198039
5.5,340247,29203,3000,0.164791
5.5,340247,29203,3500,0.230211
5.5,340247,29203,4000,0.014693
5.5,340247,29203,4500,0.676093
5.5,340247,29203,5000,0.576885
5.5,340247,29203,6000,0.828661
5.5,340247,29203,7000,0.159373
5.5,340247,29203,8000,0.255606
5.5,340247,29203,9000,0.060021
5.5,340247,29203,10000,0.136111
5.5,340247,29203,11000,0.071301
5.5,340247,29203,12000,0.038094
5.5,340247,29203,13000,0.274612
5.5,340247,29203,14000,0.077311
5.5,340247,29203,15000,0.017975
5.5,340247,29203,16000,0.181422
5.5,340247,29203,17000,0.223047
5.5,340247,29203,18000,0.071835
5.5,340247,29203,19000,0.167158
5.5,340247,29203,20000,0.034224
5.5,344815,29563,250,1.034109
5.5,344815,29563,500,0.445984
5.5,344815,29563,750,1.079623
5.5,344815,29563,1000,2.083068
5.5,344815,29563,1500,1.882818
5.5,344815,29563,2000,1.926320
5.5,344815,29563,2500,0.815948
5.5,344815,29563,3000,0.275070
5.5,344815,29563,3500,0.529014
5.5,344815,29563,4000,0.378827
5.5,344815,29563,4500,0.101021
5.5,344815,29563,5000,0.165830
5.5,344815,29563,6000,0.222536
5.5,344815,29563,7000,0.581545
5.5,344815,29563,8000,0.170844
5.5,344815,29563,9000,0.291875
5.5,344815,29563,10000,0.332776
5.5,344815,29563,11000,0.601098
5.5,344815,29563,12000,0.434576
5.5,344815,29563,13000,0.446110
5.5,344815,29563,14000,0.358637
5.5,344815,29563,15000,0.241678
5.5,344815,29563,16000,0.327080
5.5,344815,29563,17000,0.234029
5.5,344815,29563,18000,0.169406
5.5,344815,29563,19000,0.351315
5.5,344815,29563,20000,0.242278
5.5,348945,29892,250,0.089398
5.5,348945,29892,500,0.970523
5.5,348945,29892,750,0.235775
5.5,348945,29892,1000,1.061433
5.5,348945,29892,1500,1.023224
5.5,348945,29892,2000,1.070147
5.5,348945,29892,2500,0.911007
5.5,348945,29892,3000,1.691862
5.5,348945,29892,3500,1.239106
5.5,348945,29892,4000,0.944652
5.5,348945,29892,4500,1.154947
5.5,348945,29892,5000,0.986376
5.5,348945,29892,6000,1.366750
5.5,348945,29892,7000,1.156526
5.5,348945,29892,8000,1.239194
5.5,348945,29892,9000,1.006929
5.5,348945,29892,10000,0.605287
5.5,348945,29892,11000,0.425874
5.5,348945,29892,12000,0.903740
5.5,348945,29892,13000,1.133685
5.5,348945,29892,14000,0.993196
5.5,348945,29892,15000,0.765637
5.5,348945,29892,16000,0.411037
5.5,348945,29892,17000,0.329638
5.5,348945,29892,18000,0.562929
5.5,348945,29892,19000,0.426899
5.5,348945,29892,20000,0.405650
5.5,353581,30256,250,6.482823
5.5,353581,30256,500,2.285214
5.5,353581,30256,750,2.166424
5.5,353581,30256,1000,1.447058
5.5,353581,30256,1500,0.814980
5.5,353581,30256,2000,0.522712
5.5,353581,30256,2500,0.689286
5.5,353581,30256,3000,0.139065
5.5,353581,30256,3500,0.102660
5.5,353581,30256,4000,0.597172
5.5,353581,30256,4500,0.510225
5.5,353581,30256,5000,0.510141
5.5,353581,30256,6000,0.482023
5.5,353581,30256,7000,0.449065
5.5,353581,30256,8000,0.495214
5.5,353581,30256,9000,0.295887
5.5,353581,30256,10000,0.041942
5.5,353581,30256,11000,0.092331
5.5,353581,30256,12000,0.139799
5.5,353581,30256,13000,0.012410
5.5,353581,30256,14000,0.278338
5.5,353581,30256,15000,0.195303
5.5,353581,30256,16000,0.371076
5.5,353581,30256,17000,0.431479
5.5,353581,30256,18000,0.693005
5.5,353581,30256,19000,0.778586
5.5,353581,30256,20000,0.720517
5.5,366314,31249,250,0.806433
5.5,366314,31249,500,1.636536
5.5,366314,31249,750,1.578451
5.5,366314,31249,1000,2.055169
5.5,366314,31249,1500,2.440217
5.5,366314,31249,2000,2.600027
5.5,366314,31249,2500,2.041625
5.5,366314,31249,3000,1.384799
5.5,366314,31249,3500,1.186880
5.5,366314,31249,4000,1.042557
5.5,366314,31249,4500,0.792199
5.5,366314,31249,5000,1.183776
5.5,366314,31249,6000,1.161454
5.5,366314,31249,7000,0.699134
5.5,366314,31249,8000,1.277615
5.5,366314,31249,9000,1.133101
5.5,366314,31249,10000,0.947932
5.5,366314,31249,11000,0.596356
5.5,366314,31249,12000,0.680111
5.5,366314,31249,13000,0.538739
5.5,366314,31249,14000,0.661283
5.5,366314,31249,15000,0.880034
5.5,366314,31249,16000,0.819650
5.5,366314,31249,17000,0.782470
5.5,366314,31249,18000,0.565054
5.5,366314,31249,19000,0.661560
5.5,366314,31249,20000,0.677417
5.5,369495,31489,250,1.117082
5.5,369495,31489,500,0.094123
5.5,369495,31489,750,1.752180
5.5,369495,31489,1000,1.109774
5.5,369495,31489,1500,1.612293
5.5,369495,31489,2000,1.029478
5.5,369495,31489,2500,1.466913
5.5,369495,31489,3000,1.103051
5.5,369495,31489,3500,0.524743
5.5,369495,31489,4000,0.463685
5.5,369495,31489,4500,0.564438
5.5,369495,31489,5000,1.092114
5.5,369495,31489,6000,1.063524
5.5,369495,31489,7000,0.895959
5.5,369495,31489,8000,1.053611
5.5,369495,31489,9000,0.820275
5.5,369495,31489,10000,0.938219
5.5,369495,31489,11000,1.120809
5.5,369495,31489,12000,1.246610
5.5,369495,31489,13000,1.012739
5.5,369495,31489,14000,0.971274
5.5,369495,31489,15000,0.867444
5.5,369495,31489,16000,0.916456
5.5,369495,31489,17000,1.090707
5.5,369495,31489,18000,1.177162
5.5,369495,31489,19000,1.174944
5.5,369495,31489,20000,1.137027
5.5,374345,31851,250,3.091182
5.5,374345,31851,500,0.755300
5.5,374345,31851,750,2.067374
5.5,374345,31851,1000,2.455467
5.5,374345,31851,1500,1.423323
5.5,374345,31851,2000,1.246216
5.5,374345,31851,2500,0.208473
5.5,374345,31851,3000,0.381025
5.5,374345,31851,3500,0.731187
5.5,374345,31851,4000,0.150369
5.5,374345,31851,4500,0.546388
5.5,374345,31851,5000,0.998844
5.5,374345,31851,6000,0.510032
5.5,374345,31851,7000,0.232436
5.5,374345,31851,8000,0.041063
5.5,374345,31851,9000,0.015734
5.5,374345,31851,10000,0.030264
5.5,374345,31851,11000,0.122881
5.5,374345,31851,12000,0.091099
5.5,374345,31851,13000,0.164677
5.5,374345,31851,14000,0.509294
5.5,374345,31851,15000,0.265726
5.5,374345,31851,16000,0.596178
5.5,374345,31851,17000,0.665505
5.5,374345,31851,18000,0.459079
5.5,374345,31851,19000,0.627331
5.5,374345,31851,20000,0.747766
5.5,378778,32199,250,3.772936
5.5,378778,32199,500,0.415486
5.5,378778,32199,750,0.289572
5.5,378778,32199,1000,0.405454
5.5,378778,32199,1500,0.224238
5.5,378778,32199,2000,0.242708
5.5,378778,32199,2500,0.795809
5.5,378778,32199,3000,0.083844
5.5,378778,32199,3500,0.147004
5.5,378778,32199,4000,0.354460
5.5,378778,32199,4500,0.534941
5.5,378778,32199,5000,0.701381
5.5,378778,32199,6000,0.715984
5.5,378778,32199,7000,0.495478
5.5,378778,32199,8000,0.596787
5.5,378778,32199,9000,0.433669
5.5,378778,32199,10000,0.263339
5.5,378778,32199,11000,0.701283
5.5,378778,32199,12000,0.631308
5.5,378778,32199,13000,0.826901
5.5,378778,32199,14000,0.717726
5.5,378778,32199,15000,0.844966
5.5,378778,32199,16000,0.678310
5.5,378778,32199,17000,0.786105
5.5,378778,32199,18000,0.636346
5.5,378778,32199,19000,0.780783
5.5,378778,32199,20000,0.636812
5.5,391634,33197,250,2.917536
5.5,391634,33197,500,2.042836
5.5,391634,33197,750,1.696813
5.5,391634,33197,1000,1.518455
5.5,391634,33197,1500,0.609573
5.5,391634,33197,2000,0.815080
5.5,391634,33197,2500,0.760311
5.5,391634,33197,3000,0.981633
5.5,391634,33197,3500,0.969345
5.5,391634,33197,4000,0.505320
5.5,391634,33197,4500,0.495563
5.5,391634,33197,5000,0.093414
5.5,391634,33197,6000,0.314480
5.5,391634,33197,7000,0.362106
5.5,391634,33197,8000,0.860897
5.5,391634,33197,9000,0.796378
5.5,391634,33197,10000,0.849667
5.5,391634,33197,11000,0.872291
5.5,391634,33197,12000,0.973522
5.5,391634,33197,13000,0.995221
5.5,391634,33197,14000,1.126780
5.5,391634,33197,15000,0.881373
5.5,391634,33197,16000,0.840252
5.5,391634,33197,17000,0.826450
5.5,391634,33197,18000,0.840544
5.5,391634,33197,19000,0.916435
5.5,391634,33197,20000,0.835245
5.5,392534,33276,250,1.055833
5.5,392534,33276,500,1.821370
5.5,392534,33276,750,2.797672
5.5,392534,33276,1000,2.647039
5.5,392534,33276,1500,1.476117
5.5,392534,33276,2000,0.595287
5.5,392534,33276,2500,0.794364
5.5,392534,33276,3000,0.883515
5.5,392534,33276,3500,0.220595
5.5,392534,33276,4000,0.254721
5.5,392534,33276,4500,0.112387
5.5,392534,33276,5000,0.011617
5.5,392534,33276,6000,0.322378
5.5,392534,33276,7000,0.147422
5.5,392534,33276,8000,0.471612
5.5,392534,33276,9000,0.028329
5.5,392534,33276,10000,0.195779
5.5,392534,33276,11000,0.369281
5.5,392534,33276,12000,0.418964
5.5,392534,33276,13000,0.221386
5.5,392534,33276,14000,0.161913
5.5,392534,33276,15000,0.000694
5.5,392534,33276,16000,0.045503
5.5,392534,33276,17000,0.177540
5.5,392534,33276,18000,0.006726
5.5,392534,33276,19000,0.039245
5.5,392534,33276,20000,0.061081
5.5,395249,33496,250,3.595695
5.5,395249,33496,500,1.469216
5.5,395249,33496,750,1.642091
5.5,395249,33496,1000,1.519153
5.5,395249,33496,1500,0.088160
5.5,395249,33496,2000,0.607101
5.5,395249,33496,2500,0.007447
5.5,395249,33496,3000,0.103545
5.5,395249,33496,3500,0.355760
5.5,395249,33496,4000,0.175233
5.5,395249,33496,4500,0.365649
5.5,395249,33496,5000,0.928155
5.5,395249,33496,6000,0.898320
5.5,395249,33496,7000,1.150158
5.5,395249,33496,8000,0.920877
5.5,395249,33496,9000,1.164039
5.5,395249,33496,10000,1.032378
5.5,395249,33496,11000,1.151081
5.5,395249,33496,12000,1.127127
5.5,395249,33496,13000,1.243894
5.5,395249,33496,14000,0.996542
5.5,395249,33496,15000,0.792224
5.5,395249,33496,16000,0.802482
5.5,395249,33496,17000,0.754015
5.5,395249,33496,18000,0.404295
5.5,395249,33496,19000,0.230006
5.5,395249,33496,20000,0.180735
5.5,400127,33870,250,3.440094
5.5,400127,33870,500,1.258825
5.5,400127,33870,750,0.612498
5.5,400127,33870,1000,0.351408
5.5,400127,33870,1500,0.151433
5.5,400127,33870,2000,0.026627
5.5,400127,33870,2500,0.048179
5.5,400127,33870,3000,0.186031
5.5,400127,33870,3500,0.369098
5.5,400127,33870,4000,0.765839
5.5,400127,33870,4500,1.123074
5.5,400127,33870,5000,0.887240
5.5,400127,33870,6000,1.009183
5.5,400127,33870,7000,1.205025
5.5,400127,33870,8000,0.837490
5.5,400127,33870,9000,0.736830
5.5,400127,33870,10000,0.759506
5.5,400127,33870,11000,0.959144
5.5,400127,33870,12000,1.013023
5.5,400127,33870,13000,0.944874
5.5,400127,33870,14000,0.720794
5.5,400127,33870,15000,0.751421
5.5,400127,33870,16000,0.564219
5.5,400127,33870,17000,0.235881
5.5,400127,33870,18000,0.190906
5.5,400127,33870,19000,0.307728
5.5,400127,33870,20000,0.361310
5.5,401477,33965,250,1.260234
5.5,401477,33965,500,0.422354
5.5,401477,33965,750,1.209339
5.5,401477,33965,1000,2.013968
5.5,401477,33965,1500,1.053451
5.5,401477,33965,2000,0.927811
5.5,401477,33965,2500,0.565045
5.5,401477,33965,3000,0.325590
5.5,401477,33965,3500,0.590069
5.5,401477,33965,4000,0.125567
5.5,401477,33965,4500,0.006090
5.5,401477,33965,5000,0.188283
5.5,401477,33965,6000,0.561459
5.5,401477,33965,7000,0.385358
5.5,401477,33965,8000,0.280821
5.5,401477,33965,9000,0.209384
5.5,401477,33965,10000,0.256516
5.5,401477,33965,11000,0.440441
5.5,401477,33965,12000,0.311858
5.5,401477,33965,13000,0.466451
5.5,401477,33965,14000,0.502897
5.5,401477,33965,15000,0.388456
5.5,401477,33965,16000,0.587312
5.5,401477,33965,17000,0.551773
5.5,401477,33965,18000,0.730754
5.5,401477,33965,19000,0.825606
5.5,401477,33965,20000,0.841838
5.5,403455,34111,250,0.015382
5.5,403455,34111,500,0.544648
5.5,403455,34111,750,1.719705
5.5,403455,34111,1000,0.452223
5.5,403455,34111,1500,0.634063
5.5,403455,34111,2000,0.397990
5.5,403455,34111,2500,0.413674
5.5,403455,34111,3000,0.208411
5.5,403455,34111,3500,0.045572
5.5,403455,34111,4000,0.155634
5.5,403455,34111,4500,0.131214
5.5,403455,34111,5000,0.005003
5.5,403455,34111,6000,0.213821
5.5,403455,34111,7000,0.289298
5.5,403455,34111,8000,0.288268
5.5,403455,34111,9000,0.162383
5.5,403455,34111,10000,0.465448
5.5,403455,34111,11000,0.297156
5.5,403455,34111,12000,0.498802
5.5,403455,34111,13000,0.308580
5.5,403455,34111,14000,0.352043
5.5,403455,34111,15000,0.398374
5.5,403455,34111,16000,0.410768
5.5,403455,34111,17000,0.516573
5.5,403455,34111,18000,0.398870
5.5,403455,34111,19000,0.383120
5.5,403455,34111,20000,0.252400
5.5,417126,35157,250,6.500739
5.5,417126,35157,500,5.116583
5.5,417126,35157,750,2.594517
5.5,417126,35157,1000,3.172907
5.5,417126,35157,1500,1.791503
5.5,417126,35157,2000,2.013529
5.5,417126,35157,2500,1.689033
5.5,417126,35157,3000,0.708196
5.5,417126,35157,3500,0.644923
5.5,417126,35157,4000,1.171989
5.5,417126,35157,4500,1.110754
5.5,417126,35157,5000,1.280189
5.5,417126,35157,6000,1.391798
5.5,417126,35157,7000,0.841377
5.5,417126,35157,8000,0.583295
5.5,417126,35157,9000,0.600080
5.5,417126,35157,10000,0.499295
5.5,417126,35157,11000,0.344716
5.5,417126,35157,12000,0.285346
5.5,417126,35157,13000,0.646833
5.5,417126,35157,14000,0.534204
5.5,417126,35157,15000,0.330198
5.5,417126,35157,16000,0.227801
5.5,417126,35157,17000,0.044933
5.5,417126,35157,18000,0.042362
5.5,417126,35157,19000,0.100286
5.5,417126,35157,20000,0.429037
5.5,432878,36392,250,0.092391
5.5,432878,36392,500,1.079031
5.5,432878,36392,750,1.728435
5.5,432878,36392,1000,0.982595
5.5,432878,36392,1500,1.714441
5.5,432878,36392,2000,0.032795
5.5,432878,36392,2500,0.168657
5.5,432878,36392,3000,0.002949
5.5,432878,36392,3500,0.082859
5.5,432878,36392,4000,0.448294
5.5,432878,36392,4500,0.572928
5.5,432878,36392,5000,0.339681
5.5,432878,36392,6000,0.326249
5.5,432878,36392,7000,0.387625
5.5,432878,36392,8000,0.442951
5.5,432878,36392,9000,0.346688
5.5,432878,36392,10000,0.228281
5.5,432878,36392,11000,0.216808
5.5,432878,36392,12000,0.185879
5.5,432878,36392,13000,0.032485
5.5,432878,36392,14000,0.000266
5.5,432878,36392,15000,0.129748
5.5,432878,36392,16000,0.172599
5.5,432878,36392,17000,0.207624
5.5,432878,36392,18000,0.300921
5.5,432878,36392,19000,0.273834
5.5,432878,36392,20000,0.336291
5.5,433659,36455,250,1.172882
5.5,433659,36455,500,0.577594
5.5,433659,36455,750,0.096316
5.5,433659,36455,1000,0.620798
5.5,433659,36455,1500,0.063187
5.5,433659,36455,2000,1.608312
5.5,433659,36455,2500,1.785982
5.5,433659,36455,3000,2.151441
5.5,433659,36455,3500,2.490853
5.5,433659,36455,4000,1.961335
5.5,433659,36455,4500,1.602562
5.5,433659,36455,5000,1.298009
5.5,433659,36455,6000,1.130429
5.5,433659,36455,7000,0.959263
5.5,433659,36455,8000,0.687055
5.5,433659,36455,9000,0.604474
5.5,433659,36455,10000,0.763803
5.5,433659,36455,11000,0.819201
5.5,433659,36455,12000,0.803665
5.5,433659,36455,13000,0.651876
5.5,433659,36455,14000,0.647329
5.5,433659,36455,15000,0.695970
5.5,433659,36455,16000,0.680145
5.5,433659,36455,17000,0.784154
5.5,433659,36455,18000,0.843284
5.5,433659,36455,19000,0.832317
5.5,433659,36455,20000,0.808478
5.5,444490,37305,250,0.305939
5.5,444490,37305,500,0.060348
5.5,444490,37305,750,1.068273
5.5,444490,37305,1000,0.098644
5.5,444490,37305,1500,0.059618
5.5,444490,37305,2000,0.131932
5.5,444490,37305,2500,0.287825
5.5,444490,37305,3000,0.669217
5.5,444490,37305,3500,0.771147
5.5,444490,37305,4000,0.265075
5.5,444490,37305,4500,0.393061
5.5,444490,37305,5000,0.194317
5.5,444490,37305,6000,0.163815
5.5,444490,37305,7000,0.160534
5.5,444490,37305,8000,0.367817
5.5,444490,37305,9000,0.639435
5.5,444490,37305,10000,0.894218
5.5,444490,37305,11000,0.765855
5.5,444490,37305,12000,0.995634
5.5,444490,37305,13000,0.929656
5.5,444490,37305,14000,1.039239
5.5,444490,37305,15000,0.941413
5.5,444490,37305,16000,1.127463
5.5,444490,37305,17000,1.142843
5.5,444490,37305,18000,0.958067
5.5,444490,37305,19000,0.879924
5.5,444490,37305,20000,1.152021
5.5,449380,37659,250,1.449642
5.5,449380,37659,500,1.637703
5.5,449380,37659,750,2.673644
5.5,449380,37659,1000,2.648471
5.5,449380,37659,1500,2.126422
5.5,449380,37659,2000,1.198939
5.5,449380,37659,2500,0.624293
5.5,449380,37659,3000,0.038437
5.5,449380,37659,3500,0.607040
5.5,449380,37659,4000,0.719595
5.5,449380,37659,4500,0.786222
5.5,449380,37659,5000,0.378925
5.5,449380,37659,6000,0.183354
5.5,449380,37659,7000,0.620721
5.5,449380,37659,8000,0.805291
5.5,449380,37659,9000,0.858794
5.5,449380,37659,10000,1.307984
5.5,449380,37659,11000,0.680627
5.5,449380,37659,12000,0.684924
5.5,449380,37659,13000,0.908368
5.5,449380,37659,14000,1.036501
5.5,449380,37659,15000,0.943716
5.5,449380,37659,16000,0.908590
5.5,449380,37659,17000,0.880417
5.5,449380,37659,18000,0.649735
5.5,449380,37659,19000,0.717828
5.5,449380,37659,20000,0.793164
5.5,457859,38307,250,1.287656
5.5,457859,38307,500,2.118093
5.5,457859,38307,750,1.992146
5.5,457859,38307,1000,2.210466
5.5,457859,38307,1500,0.585006
5.5,457859,38307,2000,0.034929
5.5,457859,38307,2500,0.131924
5.5,457859,38307,3000,0.201275
5.5,457859,38307,3500,0.216007
5.5,457859,38307,4000,0.643014
5.5,457859,38307,4500,0.215229
5.5,457859,38307,5000,0.171304
5.5,457859,38307,6000,0.279207
5.5,457859,38307,7000,0.010112
5.5,457859,38307,8000,0.075249
5.5,457859,38307,9000,0.304834
5.5,457859,38307,10000,0.178617
5.5,457859,38307,11000,0.272224
5.5,457859,38307,12000,0.098854
5.5,457859,38307,13000,0.173114
5.5,457859,38307,14000,0.290088
5.5,457859,38307,15000,0.331447
5.5,457859,38307,16000,0.013194
5.5,457859,38307,17000,0.157054
5.5,457859,38307,18000,0.232588
5.5,457859,38307,19000,0.260299
5.5,457859,38307,20000,0.341100
5.5,458568,38352,250,6.822580
5.5,458568,38352,500,3.969585
5.5,458568,38352,750,4.543628
5.5,458568,38352,1000,3.685976
5.5,458568,38352,1500,1.694841
5.5,458568,38352,2000,0.813555
5.5,458568,38352,2500,0.981393
5.5,458568,38352,3000,1.722488
5.5,458568,38352,3500,1.107018
5.5,458568,38352,4000,0.663088
5.5,458568,38352,4500,1.409570
5.5,458568,38352,5000,1.088014
5.5,458568,38352,6000,1.281016
5.5,458568,38352,7000,1.761810
5.5,458568,38352,8000,1.437400
5.5,458568,38352,9000,0.737120
5.5,458568,38352,10000,0.467064
5.5,458568,38352,11000,0.497841
5.5,458568,38352,12000,0.355959
5.5,458568,38352,13000,0.304834
5.5,458568,38352,14000,0.451990
5.5,458568,38352,15000,0.434802
5.5,458568,38352,16000,0.103562
5.5,458568,38352,17000,0.057424
5.5,458568,38352,18000,0.064976
5.5,458568,38352,19000,0.232676
5.5,458568,38352,20000,0.396496
5.5,459680,38442,250,3.473091
5.5,459680,38442,500,4.322800
5.5,459680,38442,750,3.887079
5.5,459680,38442,1000,3.033205
5.5,459680,38442,1500,1.348337
5.5,459680,38442,2000,2.235039
5.5,459680,38442,2500,1.982700
5.5,459680,38442,3000,2.446856
5.5,459680,38442,3500,1.712304
5.5,459680,38442,4000,1.573697
5.5,459680,38442,4500,0.971269
5.5,459680,38442,5000,1.168754
5.5,459680,38442,6000,0.708068
5.5,459680,38442,7000,1.315795
5.5,459680,38442,8000,1.768630
5.5,459680,38442,9000,1.484280
5.5,459680,38442,10000,1.532746
5.5,459680,38442,11000,1.450314
5.5,459680,38442,12000,1.271100
5.5,459680,38442,13000,1.139246
5.5,459680,38442,14000,0.944511
5.5,459680,38442,15000,0.895589
5.5,459680,38442,16000,0.577694
5.5,459680,38442,17000,0.696998
5.5,459680,38442,18000,0.597601
5.5,459680,38442,19000,0.756137
5.5,459680,38442,20000,0.430447
5.5,459735,38444,250,1.609434
5.5,459735,38444,500,2.216230
5.5,459735,38444,750,1.866785
5.5,459735,38444,1000,1.155325
5.5,459735,38444,1500,0.272446
5.5,459735,38444,2000,0.717597
5.5,459735,38444,2500,0.461952
5.5,459735,38444,3000,1.107779
5.5,459735,38444,3500,0.343392
5.5,459735,38444,4000,0.402526
5.5,459735,38444,4500,0.437220
5.5,459735,38444,5000,0.105238
5.5,459735,38444,6000,0.371543
5.5,459735,38444,7000,0.047688
5.5,459735,38444,8000,0.013167
5.5,459735,38444,9000,0.618856
5.5,459735,38444,10000,0.402093
5.5,459735,38444,11000,0.101563
5.5,459735,38444,12000,0.118546
5.5,459735,38444,13000,0.374891
5.5,459735,38444,14000,0.638303
5.5,459735,38444,15000,0.697655
5.5,459735,38444,16000,0.501243
5.5,459735,38444,17000,0.720095
5.5,459735,38444,18000,0.799829
5.5,459735,38444,19000,0.831286
5.5,459735,38444,20000,0.683375
5.5,460738,38512,250,0.694432
5.5,460738,38512,500,3.834979
5.5,460738,38512,750,2.132768
5.5,460738,38512,1000,1.040666
5.5,460738,38512,1500,0.312713
5.5,460738,38512,2000,0.152762
5.5,460738,38512,2500,0.003010
5.5,460738,38512,3000,0.423558
5.5,460738,38512,3500,0.766325
5.5,460738,38512,4000,0.741327
5.5,460738,38512,4500,1.410102
5.5,460738,38512,5000,1.327387
5.5,460738,38512,6000,1.289709
5.5,460738,38512,7000,1.035038
5.5,460738,38512,8000,1.168668
5.5,460738,38512,9000,0.568008
5.5,460738,38512,10000,0.448929
5.5,460738,38512,11000,0.010984
5.5,460738,38512,12000,0.102763
5.5,460738,38512,13000,0.266127
5.5,460738,38512,14000,0.068147
5.5,460738,38512,15000,0.038103
5.5,460738,38512,16000,0.117854
5.5,460738,38512,17000,0.260033
5.5,460738,38512,18000,0.344946
5.5,460738,38512,19000,0.449275
5.5,460738,38512,20000,0.679185
5.5,464996,38839,250,4.230036
5.5,464996,38839,500,0.446353
5.5,464996,38839,750,1.372297
5.5,464996,38839,1000,0.124290
5.5,464996,38839,1500,0.629398
5.5,464996,38839,2000,0.986713
5.5,464996,38839,2500,0.904006
5.5,464996,38839,3000,0.555028
5.5,464996,38839,3500,0.520487
5.5,464996,38839,4000,0.639483
5.5,464996,38839,4500,0.336335
5.5,464996,38839,5000,0.388836
5.5,464996,38839,6000,0.407603
5.5,464996,38839,7000,0.378746
5.5,464996,38839,8000,0.571147
5.5,464996,38839,9000,0.909966
5.5,464996,38839,10000,0.421318
5.5,464996,38839,11000,0.458263
5.5,464996,38839,12000,0.092242
5.5,464996,38839,13000,0.023346
5.5,464996,38839,14000,0.143419
5.5,464996,38839,15000,0.165457
5.5,464996,38839,16000,0.367194
5.5,464996,38839,17000,0.481584
5.5,464996,38839,18000,0.697729
5.5,464996,38839,19000,0.869028
5.5,464996,38839,20000,0.985502
5.5,470267,39246,250,1.648055
5.5,470267,39246,500,2.035452
5.5,470267,39246,750,0.284900
5.5,470267,39246,1000,0.089755
5.5,470267,39246,1500,0.204333
5.5,470267,39246,2000,0.354248
5.5,470267,39246,2500,0.475104
5.5,470267,39246,3000,1.301582
5.5,470267,39246,3500,1.335475
5.5,470267,39246,4000,1.020314
5.5,470267,39246,4500,1.280308
5.5,470267,39246,5000,1.925587
5.5,470267,39246,6000,1.402809
5.5,470267,39246,7000,1.129175
5.5,470267,39246,8000,0.888101
5.5,470267,39246,9000,0.586289
5.5,470267,39246,10000,0.486456
5.5,470267,39246,11000,0.690464
5.5,470267,39246,12000,0.603964
5.5,470267,39246,13000,0.489203
5.5,470267,39246,14000,0.355812
5.5,470267,39246,15000,0.111583
5.5,470267,39246,16000,0.101812
5.5,470267,39246,17000,0.028839
5.5,470267,39246,18000,0.014853
5.5,470267,39246,19000,0.064707
5.5,470267,39246,20000,0.042040
5.5,472540,39427,250,0.015940
5.5,472540,39427,500,1.079595
5.5,472540,39427,750,0.918406
5.5,472540,39427,1000,0.520159
5.5,472540,39427,1500,2.170848
5.5,472540,39427,2000,2.086110
5.5,472540,39427,2500,2.023972
5.5,472540,39427,3000,2.637400
5.5,472540,39427,3500,2.168972
5.5,472540,39427,4000,2.024623
5.5,472540,39427,4500,1.872721
5.5,472540,39427,5000,1.436484
5.5,472540,39427,6000,1.702054
5.5,472540,39427,7000,1.390987
5.5,472540,39427,8000,1.626879
5.5,472540,39427,9000,1.653847
5.5,472540,39427,10000,1.565498
5.5,472540,39427,11000,1.460790
5.5,472540,39427,12000,1.443847
5.5,472540,39427,13000,1.443514
5.5,472540,39427,14000,1.281904
5.5,472540,39427,15000,1.010216
5.5,472540,39427,16000,1.537440
5.5,472540,39427,17000,1.441457
5.5,472540,39427,18000,1.453438
5.5,472540,39427,19000,1.547191
5.5,472540,39427,20000,1.608708
