k,m,"S_4(0,2,m,m+2)"
1,6,4.457051
2,12,11.362720
3,18,8.416031
4,24,5.315833
5,30,16.690703
6,36,4.788768
7,42,15.865864
8,48,8.762334
9,54,6.163299
10,60,13.454990
11,66,5.756986
12,72,11.420716
13,78,10.837439
14,84,7.296112
15,90,14.996852
16,96,5.669057
17,102,10.653542
18,108,9.690136
19,114,6.528590
20,120,12.911877
21,126,7.179969
22,132,12.056949
23,138,13.184477
24,144,4.276878
25,150,13.694516
26,156,7.838935
27,162,8.531609
28,168,15.098675
29,174,5.257965
30,180,18.676412
31,186,4.804977
32,192,8.955620
33,198,14.239555
34,204,4.890466
35,210,23.543897
36,216,4.233403
37,222,13.424244
38,228,10.000062
39,234,5.375005
40,240,20.445714
41,246,4.619298
42,252,13.955938
43,258,9.702164
44,264,7.653822
45,270,13.630239
46,276,4.658876
47,282,11.762546
48,288,10.969005
49,294,7.234597
50,300,12.629966
51,306,7.788580
52,312,10.596286
53,318,8.760002
54,324,5.865240
55,330,16.659325
56,336,7.737632
57,342,10.397126
58,348,12.030940
59,354,4.976543
60,360,12.600445
61,366,6.703358
62,372,11.312221
63,378,15.108918
64,384,4.197098
65,390,20.520857
66,396,5.394491
67,402,8.657582
68,408,13.648048
69,414,5.151417
70,420,25.434403
71,426,4.406383
72,432,11.778656
73,438,9.860181
74,444,5.294337
75,450,16.763415
76,456,4.748570
77,462,19.483578
78,468,10.432585
79,474,6.233234
80,480,12.564026
81,486,4.829250
82,492,13.834138
83,498,8.831130
84,504,8.359989
85,510,14.491693
86,516,6.021013
87,522,10.045006
88,528,10.938422
89,534,6.141012
90,540,12.552004
91,546,9.178442
92,552,10.529500
93,558,11.982298
94,564,4.377183
95,570,18.196760
96,576,6.124021
97,582,8.951262
98,588,14.142801
99,594,5.538923
100,600,19.925999
101,606,4.551633
102,612,9.783463
103,618,13.389718
104,624,5.108531
105,630,21.177844
106,636,5.153649
107,642,11.883030
108,648,10.600608
109,654,4.373499
110,660,21.920189
111,666,4.487482
112,672,14.104245
113,678,10.120408
114,684,7.437241
115,690,14.206059
116,696,4.511014
117,702,15.468201
118,708,8.760879
119,714,8.126052
120,720,13.326016
121,726,7.954558
122,732,8.745394
123,738,9.494295
124,744,6.084861
125,750,15.689547
126,756,8.019078
127,762,9.051239
128,768,12.689169
129,774,4.435922
130,780,17.305616
131,786,5.653235
132,792,10.848216
133,798,15.768327
134,804,4.949312
135,810,17.453209
136,816,5.655923
137,822,8.745535
138,828,12.619732
139,834,5.708111
140,840,20.863290
141,846,4.455929
142,852,12.497068
143,858,13.515851
144,864,4.172095
145,870,18.781130
146,876,4.808822
147,882,18.929534
148,888,8.932617
149,894,5.638889
150,900,14.655372
151,906,4.266828
152,912,13.975533
153,918,10.132276
154,924,8.937466
155,930,13.976805
156,936,6.889568
157,942,8.766101
158,948,10.661103
159,954,6.232585
160,960,14.291691
161,966,8.779333
162,972,8.412007
163,978,11.409775
164,984,4.912450
165,990,19.686684
166,996,5.773425
167,1002,8.441262
168,1008,14.012926
169,1014,6.155472
170,1020,19.482388
171,1026,4.724948
172,1032,10.313745
173,1038,12.827048
174,1044,4.502203
175,1050,21.007574
176,1056,6.276621
177,1062,12.491356
178,1068,9.794714
179,1074,4.282884
180,1080,19.018921
181,1086,4.539562
182,1092,17.110806
183,1098,9.898700
184,1104,6.879307
185,1110,13.359624
186,1116,5.092107
187,1122,16.487391
188,1128,8.787031
189,1134,7.049566
190,1140,14.168957
191,1146,7.298203
192,1152,8.757685
193,1158,9.400377
194,1164,6.679344
195,1170,15.500516
196,1176,7.669051
197,1182,8.802848
198,1188,15.358902
199,1194,4.940557
200,1200,12.499796
201,1206,5.898979
202,1212,9.703547
203,1218,16.225939
204,1224,5.456669
205,1230,20.075724
206,1236,4.250354
207,1242,9.550535
208,1248,13.693795
209,1254,6.110265
210,1260,23.074756
211,1266,4.262250
212,1272,12.910475
213,1278,10.166112
214,1284,4.246565
215,1290,21.115158
216,1296,4.839689
217,1302,16.623352
218,1308,8.543280
219,1314,5.987415
220,1320,16.066231
221,1326,5.948565
222,1332,13.714704
223,1338,8.566412
224,1344,8.060606
225,1350,13.883729
226,1356,5.707555
227,1362,10.695564
228,1368,9.497408
229,1374,5.729313
230,1380,15.634181
231,1386,8.977281
232,1392,9.994257
233,1398,11.202818
234,1404,5.585880
235,1410,14.942557
236,1416,5.805583
237,1422,8.755846
238,1428,22.139702
239,1434,4.223784
240,1440,16.801837
241,1446,4.492106
242,1452,11.120723
243,1458,12.482458
244,1464,4.754201
245,1470,21.916242
246,1476,5.088733
247,1482,16.126510
248,1488,8.994174
249,1494,5.254541
250,1500,16.794303
251,1506,4.949967
252,1512,13.954824
253,1518,12.622644
254,1524,5.687984
255,1530,14.489541
256,1536,4.704083
257,1542,12.823216
258,1548,9.066355
259,1554,7.438736
260,1560,19.347858
261,1566,6.778731
262,1572,8.502064
263,1578,8.524958
264,1584,8.122408
265,1590,13.066078
266,1596,8.654608
267,1602,8.522120
268,1608,13.943878
269,1614,4.870754
270,1620,12.488865
271,1626,6.831164
272,1632,10.549930
273,1638,17.418329
274,1644,4.225402
275,1650,21.964398
276,1656,4.600911
277,1662,9.413370
278,1668,12.176462
279,1674,5.450355
280,1680,21.619607
281,1686,4.212911
282,1692,14.715902
283,1698,9.192113
284,1704,4.643565
285,1710,19.341561
286,1716,6.540874
287,1722,14.999525
288,1728,8.364156
289,1734,6.640743
290,1740,17.587771
291,1746,4.808249
292,1752,11.407744
293,1758,9.579413
294,1764,6.936846
295,1770,15.484184
296,1776,5.926872
297,1782,10.853183
298,1788,9.242542
299,1794,7.496422
300,1800,14.764951
301,1806,8.618517
302,1812,8.475218
303,1818,12.614132
304,1824,5.452750
305,1830,12.980950
306,1836,6.446022
307,1842,8.819366
308,1848,20.677798
309,1854,4.415594
310,1860,19.050952
311,1866,4.207014
312,1872,12.506809
313,1878,11.585606
314,1884,4.552881
315,1890,24.780333
316,1896,4.810837
317,1902,12.801852
318,1908,8.699658
319,1914,5.802968
320,1920,17.355289
321,1926,4.866622
322,1932,15.396124
323,1938,12.545756
324,1944,5.583637
325,1950,15.525558
326,1956,4.867105
327,1962,11.307810
328,1968,8.808564
329,1974,9.614384
330,1980,17.310185
331,1986,5.863267
332,1992,8.567831
333,1998,8.826415
334,2004,7.804018
335,2010,12.931294
336,2016,7.540620
337,2022,10.154931
338,2028,14.089844
339,2034,4.271653
340,2040,14.402815
341,2046,7.756935
342,2052,10.884365
343,2058,14.037200
344,2064,4.374088
345,2070,22.120278
346,2076,4.608827
347,2082,9.299839
348,2088,14.679855
349,2094,4.217707
350,2100,20.802893
351,2106,5.690186
352,2112,14.403708
353,2118,8.971927
354,2124,4.311779
355,2130,20.822176
356,2136,4.914378
357,2142,16.382717
358,2148,9.231721
359,2154,6.387487
360,2160,15.098229
361,2166,4.732743
362,2172,11.624314
363,2178,11.609124
364,2184,8.474628
365,2190,12.939172
366,2196,5.773858
367,2202,10.587514
368,2208,10.994022
369,2214,5.935613
370,2220,15.269972
371,2226,7.270033
372,2232,8.969259
373,2238,12.687992
374,2244,6.696658
375,2250,12.525245
376,2256,6.104763
377,2262,11.103188
378,2268,16.051011
379,2274,4.244592
380,2280,20.724705
381,2286,5.368381
382,2292,9.008637
383,2298,12.034734
384,2304,4.159873
385,2310,28.799183
386,2316,5.120521
387,2322,12.260494
388,2328,8.528277
389,2334,4.938429
390,2340,20.443824
391,2346,5.323310
392,2352,16.344618
393,2358,9.501410
394,2364,6.221084
395,2370,13.200068
396,2376,5.707559
397,2382,12.068869
398,2388,8.433243
399,2394,9.189531
400,2400,14.385209
401,2406,5.716986
402,2412,9.405328
403,2418,12.545110
404,2424,5.689148
405,2430,13.310469
406,2436,8.035344
407,2442,13.102289
408,2448,12.787820
409,2454,4.193789
410,2460,13.152735
411,2466,6.433458
412,2472,10.050281
413,2478,14.900969
414,2484,5.783373
415,2490,17.287553
416,2496,5.418154
417,2502,8.455587
418,2508,16.293859
419,2514,4.660051
420,2520,23.336840
421,2526,4.234929
422,2532,13.526439
423,2538,8.790219
424,2544,4.988180
425,2550,25.311298
426,2556,4.283310
427,2562,14.350297
428,2568,8.506647
429,2574,9.173026
430,2580,13.117148
431,2586,4.800002
432,2592,11.418083
433,2598,10.788188
434,2604,7.445188
435,2610,13.560018
436,2616,6.949711
437,2622,10.768748
438,2628,9.630491
439,2634,5.700349
440,2640,16.041657
441,2646,6.952790
442,2652,11.960625
443,2658,12.015951
444,2664,5.353767
445,2670,14.044662
446,2676,6.304479
447,2682,9.946896
448,2688,15.162655
449,2694,4.190079
450,2700,18.077500
451,2706,6.262293
452,2712,9.098619
453,2718,12.217743
454,2724,4.462096
455,2730,30.120992
456,2736,4.852493
457,2742,11.206212
458,2748,9.583103
459,2754,5.571838
460,2760,18.467543
461,2766,4.201595
462,2772,19.329141
463,2778,8.427746
464,2784,6.743126
465,2790,14.842354
466,2796,4.829698
467,2802,11.137484
468,2808,10.911852
469,2814,8.968730
470,2820,14.228058
471,2826,5.683289
472,2832,9.689331
473,2838,11.409514
474,2844,5.916042
475,2850,15.593832
476,2856,7.997056
477,2862,11.039563
478,2868,11.477800
479,2874,4.187715
480,2880,14.359712
481,2886,7.733219
482,2892,9.025865
483,2898,16.001042
484,2904,5.346479
485,2910,18.879137
486,2916,4.409614
487,2922,9.344958
488,2928,14.021370
489,2934,4.222237
490,2940,23.297717
491,2946,5.095789
492,2952,11.941907
493,2958,10.677777
494,2964,5.759955
495,2970,21.821742
496,2976,4.466251
497,2982,14.392525
498,2988,9.966373
499,2994,6.908542
500,3000,13.474618
501,3006,4.307103
502,3012,13.183641
503,3018,9.701215
504,3024,7.546139
505,3030,12.765605
506,3036,8.634034
507,3042,10.841914
508,3048,8.594044
509,3054,5.641724
510,3060,16.560533
511,3066,8.078095
512,3072,8.842844
513,3078,14.361818
514,3084,4.478590
515,3090,12.793441
516,3096,6.969553
517,3102,11.713359
518,3108,14.738362
519,3114,4.614985
520,3120,20.407588
521,3126,5.481352
522,3132,9.004477
523,3138,11.189022
524,3144,5.359648
525,3150,20.897410
526,3156,4.523054
527,3162,14.034377
528,3168,10.719104
529,3174,5.202400
530,3180,18.351068
531,3186,4.331165
532,3192,18.657694
533,3198,11.790594
534,3204,5.695877
535,3210,14.761501
536,3216,4.289808
537,3222,13.584881
538,3228,9.618390
539,3234,9.001408
540,3240,12.473327
541,3246,5.786929
542,3252,9.302930
543,3258,9.952067
544,3264,6.855091
545,3270,13.923057
546,3276,9.740143
547,3282,8.571632
548,3288,12.171021
549,3294,4.347060
550,3300,19.529590
551,3306,6.908704
552,3312,9.213151
553,3318,14.408572
554,3324,4.816059
555,3330,21.080457
556,3336,4.219222
557,3342,10.223474
558,3348,12.134176
559,3354,5.354984
560,3360,22.771989
561,3366,6.422287
562,3372,11.234345
563,3378,9.305833
564,3384,4.692811
565,3390,19.726321
566,3396,4.187342
567,3402,16.166967
568,3408,11.352146
569,3414,5.660587
570,3420,14.959462
571,3426,4.212674
572,3432,18.933292
573,3438,8.619399
574,3444,7.303664
575,3450,13.817576
576,3456,7.548661
577,3462,8.403116
578,3468,9.616501
579,3474,6.720051
580,3480,14.192794
581,3486,8.086189
582,3492,8.513350
583,3498,16.638576
584,3504,4.650833
585,3510,15.278812
586,3516,5.600925
587,3522,9.535159
588,3528,14.622525
589,3534,6.055522
590,3540,21.915466
591,3546,4.209987
592,3552,8.945134
593,3558,11.333414
594,3564,5.980299
595,3570,26.268372
596,3576,4.214634
597,3582,11.251196
598,3588,12.939159
599,3594,4.503846
600,3600,16.685474
601,3606,5.374136
602,3612,17.374531
603,3618,8.696399
604,3624,5.785444
605,3630,16.106950
606,3636,4.915829
607,3642,12.358524
608,3648,9.554304
609,3654,8.669793
610,3660,13.623208
611,3666,7.169500
612,3672,11.049550
613,3678,8.780686
614,3684,6.032077
615,3690,14.840508
616,3696,9.131622
617,3702,8.603566
618,3708,12.532965
619,3714,4.337469
620,3720,17.000530
621,3726,6.556156
622,3732,8.386529
623,3738,17.474970
624,3744,5.080878
625,3750,16.892285
626,3756,4.183974
627,3762,12.396621
628,3768,13.012458
629,3774,5.593831
630,3780,21.921561
631,3786,4.888262
632,3792,11.442003
633,3798,10.082421
634,3804,4.806988
635,3810,18.198295
636,3816,4.609622
637,3822,17.080990
638,3828,11.568946
639,3834,5.757093
640,3840,14.590794
641,3846,4.945405
642,3852,13.558217
643,3858,8.410684
644,3864,7.657528
645,3870,14.983282
646,3876,8.130145
647,3882,8.429392
648,3888,8.797374
649,3894,7.447705
650,3900,15.241981
651,3906,7.571919
652,3912,10.271576
653,3918,12.843998
654,3924,4.976901
655,3930,12.693028
656,3936,6.732199
657,3942,9.621116
658,3948,14.686536
659,3954,5.329737
660,3960,21.443806
661,3966,4.323922
662,3972,8.381553
663,3978,15.931113
664,3984,4.895969
665,3990,23.602881
666,3996,4.408728
667,4002,16.785387
668,4008,8.428352
669,4014,4.613565
670,4020,17.601043
671,4026,6.027226
672,4032,15.949763
673,4038,8.424350
674,4044,6.295458
675,4050,15.001806
676,4056,5.075443
677,4062,11.644775
678,4068,10.725856
